     ID ,       RA ,       DE ,   MagK ,    K_t , lgL_K ,  Vls ,   D_i ,     ID1
1015705 ,  57.3113 , -16.8574 , -25.69 ,   3.02 , 11.59 ,  499 ,  5.52 , 1015705
1015706 ,  60.6584 , -15.9183 , -25.01 ,   3.82 , 11.31 ,  623 ,  5.82 , 1015705
1015707 ,  59.4346 , -19.4651 , -24.08 ,   4.58 , 10.94 ,  741 ,  5.39 , 1015705
1015708 ,  63.4821 , -17.5102 , -23.52 ,   5.14 , 10.72 ,  491 ,  5.41 , 1015705
1035072 ,  50.4163 , -18.3995 , -22.23 ,   7.71 , 10.20 ,  995 ,  9.72 , 1015705
1015710 ,  57.8701 , -18.0482 , -21.55 ,   7.11 ,  9.93 ,  163 ,  5.41 , 1015705
1015714 ,  53.0274 , -19.2219 , -21.13 ,   7.55 ,  9.77 ,  301 ,  5.46 , 1015705
1015711 ,  58.2399 , -13.3976 , -21.10 ,   7.70 ,  9.75 ,  350 ,  5.74 , 1015705
1015709 ,  54.8434 , -21.9315 , -21.05 ,   7.66 ,  9.73 ,  241 ,  5.52 , 1015705
1036629 ,  52.8700 , -20.7590 , -21.02 ,   7.32 ,  9.72 ,  413 ,  4.66 , 1015705
1015718 ,  64.6000 , -16.5286 , -20.80 ,   7.89 ,  9.63 ,  446 ,  5.49 , 1015705
1044159 ,  52.4374 , -20.1402 , -20.75 ,   7.35 ,  9.61 ,  679 ,  4.17 , 1015705
1043597 ,  64.2498 , -11.1230 , -20.39 ,   7.88 ,  9.47 ,  396 ,  4.51 , 1015705
1015715 ,  59.0998 , -22.4833 , -20.39 ,   8.38 ,  9.47 ,  367 ,  5.68 , 1015705
1015712 ,  58.5250 , -15.5557 , -20.38 ,   8.50 ,  9.46 ,  815 ,  5.96 , 1015705
1015717 ,  54.6375 , -22.9843 , -20.16 ,   8.67 ,  9.38 ,  453 ,  5.84 , 1015705
1015713 ,  55.4588 , -20.2569 , -20.03 ,   8.60 ,  9.32 ,  641 ,  5.31 , 1015705
1046039 ,  53.6081 , -22.3907 , -19.95 ,   8.00 ,  9.29 ,  628 ,  3.89 , 1015705
1015722 ,  58.1689 , -16.0408 , -19.59 ,   9.06 ,  9.15 ,  181 ,  5.36 , 1015705
1015730 ,  55.4632 , -18.1544 , -19.04 ,   9.71 ,  8.93 ,  401 ,  5.63 , 1015705
1015732 ,  59.4362 , -19.9972 , -18.87 ,   9.80 ,  8.86 ,  810 ,  5.41 , 1015705
1015723 ,  57.8064 , -18.2604 , -18.82 ,   9.89 ,  8.84 ,  533 ,  5.51 , 1015705
1015719 ,  53.5819 , -20.6928 , -18.77 ,   9.77 ,  8.82 ,  472 ,  5.10 , 1015705
1015716 ,  58.3393 , -11.5050 , -18.63 ,  10.37 ,  8.76 ,  291 ,  6.30 , 1015705
1015720 ,  59.4043 , -16.8000 , -18.38 ,  10.38 ,  8.66 ,  538 ,  5.67 , 1015705
1015737 ,  61.1327 , -15.4959 , -18.35 ,  10.44 ,  8.65 ,  757 ,  5.71 , 1015705
1015743 ,  58.5663 , -16.4878 , -18.27 ,  10.45 ,  8.62 ,  618 ,  5.53 , 1015705
1036630 ,  53.5369 , -22.2709 , -18.21 ,  10.10 ,  8.60 ,  545 ,  4.59 , 1015705
1015727 ,  60.1643 , -20.1546 , -18.07 ,  10.61 ,  8.54 ,  700 ,  5.43 , 1015705
1015740 ,  60.1977 , -13.7592 , -18.04 ,  10.77 ,  8.53 ,  314 ,  5.79 , 1015705
1015733 ,  57.5475 , -10.7008 , -17.88 ,  11.13 ,  8.46 ,  624 ,  6.34 , 1015705
1015739 ,  56.9488 , -16.8215 , -17.78 ,  10.87 ,  8.42 ,  478 ,  5.37 , 1015705
1015724 ,  63.8595 , -16.8164 , -17.48 ,  11.22 ,  8.30 ,  602 ,  5.49 , 1015705
1015736 ,  61.3288 , -12.8857 , -17.36 ,  11.60 ,  8.26 ,  589 ,  6.20 , 1015705
1036631 ,  52.5830 , -20.5600 , -17.27 ,  11.09 ,  8.22 ,  523 ,  4.69 , 1015705
1015721 ,  59.9628 , -15.8162 , -17.05 ,  11.63 ,  8.13 ,  324 ,  5.44 , 1015705
1015741 ,  59.3153 , -16.8523 , -16.94 ,  11.69 ,  8.09 ,  282 ,  5.31 , 1015705
1015731 ,  55.5899 , -16.9671 , -16.75 ,  12.06 ,  8.01 ,  632 ,  5.76 , 1015705
1015726 ,  56.4137 , -20.7253 , -16.65 ,  12.15 ,  7.97 ,  648 ,  5.75 , 1015705
1066594 ,  60.4947 , -24.0559 , -16.51 ,  12.07 ,  7.92 ,  645 ,  5.20 , 1015705
1015744 ,  55.0222 , -21.3110 , -16.46 ,  12.26 ,  7.90 ,  501 ,  5.55 , 1015705
1076574 ,  58.3780 , -17.8477 , -16.45 ,  11.68 ,  7.89 ,  635 ,  4.22 , 1015705
1015725 ,  55.1858 , -13.8170 , -16.30 ,  12.44 ,  7.83 ,  474 ,  5.59 , 1015705
1015746 ,  60.1703 , -19.7411 , -16.26 ,  12.46 ,  7.81 ,  626 ,  5.54 , 1015705
1085120 ,  64.9326 , -22.5316 , -16.21 ,  13.04 ,  7.80 ,  546 ,  7.07 , 1015705
1015747 ,  59.0411 , -20.5411 , -16.19 ,  12.49 ,  7.79 ,  341 ,  5.45 , 1015705
1089575 ,  63.3309 , -18.6361 , -16.19 ,  12.78 ,  7.79 ,  597 ,  6.21 , 1015705
1015755 ,  57.0124 , -17.7253 , -16.11 ,  12.59 ,  7.76 ,  166 ,  5.49 , 1015705
1087824 ,  62.6236 , -22.7506 , -15.96 ,  12.42 ,  7.69 ,  263 ,  4.73 , 1015705
1015729 ,  61.5573 , -20.1145 , -15.78 ,  12.71 ,  7.63 ,  417 ,  4.99 , 1015705
1080867 ,  63.1231 , -22.3391 , -15.72 ,  12.75 ,  7.60 ,  627 ,  4.95 , 1015705
1015738 ,  55.7652 , -14.5676 , -15.56 ,  13.38 ,  7.54 ,  813 ,  6.14 , 1015705
1015735 ,  53.0562 , -19.4370 , -15.50 ,  13.15 ,  7.51 ,  679 ,  5.37 , 1015705
1015745 ,  58.2848 , -20.0297 , -15.31 ,  13.53 ,  7.44 ,  571 ,  5.88 , 1015705
1015728 ,  62.4680 , -13.5639 , -15.26 ,  13.47 ,  7.42 ,  467 ,  5.59 , 1015705
1015750 ,  58.3946 , -16.9307 , -15.20 ,  13.38 ,  7.39 ,  604 ,  5.20 , 1015705
1087649 ,  59.2072 , -13.9794 , -15.12 ,  13.94 ,  7.36 ,  566 ,  6.46 , 1015705
1089273 ,  51.8760 , -12.8965 , -15.10 ,  13.43 ,  7.35 ,  570 ,  5.07 , 1015705
1015749 ,  60.9687 , -17.4672 , -15.06 ,  13.51 ,  7.34 ,  607 ,  5.18 , 1015705
1015748 ,  59.3561 , -19.2018 , -15.00 ,  13.79 ,  7.31 ,  240 ,  5.72 , 1015705
1080705 ,  54.7286 , -17.9963 , -14.98 ,  14.79 ,  7.31 ,  827 ,  9.02 , 1015705
1015752 ,  58.5684 , -18.0077 , -14.91 ,  13.85 ,  7.28 ,  182 ,  5.66 , 1015705
1088068 ,  58.2457 , -24.1989 , -14.76 ,  13.19 ,  7.22 ,  365 ,  3.89 , 1015705
1015753 ,  63.6601 , -16.1589 , -14.75 ,  13.98 ,  7.21 ,  634 ,  5.57 , 1015705
1087920 ,  63.3000 , -16.8715 , -14.75 ,  14.17 ,  7.21 ,  457 ,  6.06 , 1015705
1085707 ,  53.5060 , -12.3002 , -14.65 ,  15.07 ,  7.17 ,  856 ,  8.77 , 1015705
1086213 ,  56.6462 , -20.1563 , -14.55 ,  15.24 ,  7.13 ,  754 ,  9.06 , 1015705
1087334 ,  52.9031 , -11.0570 , -14.52 ,  13.81 ,  7.12 ,  705 ,  4.62 , 1015705
1088247 ,  62.3079 , -15.5785 , -14.47 ,  14.00 ,  7.10 ,  491 ,  4.94 , 1015705
1036632 ,  54.6826 , -23.3995 , -14.47 ,  13.88 ,  7.10 ,  300 ,  4.67 , 1015705
1015754 ,  56.9593 , -18.5173 , -14.43 ,  14.31 ,  7.08 ,  595 ,  5.60 , 1015705
1015751 ,  57.0696 , -19.2195 , -14.31 ,  14.42 ,  7.03 ,  511 ,  5.56 , 1015705
1078247 ,  60.1252 , -11.5629 , -14.20 ,  13.05 ,  6.99 ,  311 ,  2.82 , 1015705
1015756 ,  59.0059 , -18.8995 , -14.17 ,  14.57 ,  6.98 ,  622 ,  5.59 , 1015705
1015742 ,  55.3355 , -20.2204 , -14.17 ,  14.65 ,  6.98 ,  857 ,  5.80 , 1015705
1089968 ,  54.3940 , -16.7026 , -14.10 ,  14.29 ,  6.95 ,  494 ,  4.76 , 1015705
1015734 ,  55.7791 , -20.3218 , -14.09 ,  14.72 ,  6.95 ,  891 ,  5.78 , 1015705
1016697 , 287.2732 , -18.1484 , -25.55 ,   1.63 , 11.53 ,  315 ,  2.72 , 1016697
1016698 , 286.6714 , -17.5652 , -24.50 ,   2.42 , 11.11 ,  240 ,  2.43 , 1016697
1013943 , 284.8541 , -14.3121 , -24.21 ,  -3.92 , 11.00 ,  -47 ,  0.11 , 1016697
1016704 , 286.3979 , -21.3693 , -21.39 ,   5.61 ,  9.87 ,  703 ,  2.51 , 1016697
1016702 , 287.1823 , -15.5530 , -21.03 ,   6.54 ,  9.72 ,  431 ,  3.26 , 1016697
1016701 , 284.0262 , -17.0886 , -21.00 ,   6.05 ,  9.71 ,  816 ,  2.57 , 1016697
1016703 , 297.8080 , -11.8654 , -20.96 ,   6.21 ,  9.69 ,  274 ,  2.71 , 1016697
1016700 , 277.8195 , -26.6194 , -20.86 ,   5.83 ,  9.66 ,   80 ,  2.17 , 1016697
1041338 , 290.2339 , -23.4988 , -20.66 ,   7.58 ,  9.58 ,  577 ,  4.44 , 1016697
1016709 , 291.1188 , -13.1041 , -20.54 ,   6.78 ,  9.53 ,  250 ,  2.90 , 1016697
1016711 , 288.2046 , -18.5064 , -20.28 ,   6.88 ,  9.42 ,  770 ,  2.70 , 1016697
1016706 , 284.6815 , -24.1420 , -20.13 ,   6.89 ,  9.37 ,  244 ,  2.54 , 1016697
1016714 , 285.8262 , -14.5161 , -19.82 ,   7.57 ,  9.24 ,  123 ,  3.01 , 1016697
1049919 , 276.3687 , -10.0363 , -19.74 ,   7.54 ,  9.21 ,  555 ,  2.85 , 1016697
1016705 , 278.7275 , -29.1898 , -19.66 ,   7.18 ,  9.18 ,  238 ,  2.33 , 1016697
1052965 , 301.6803 , -14.4473 , -19.05 ,   9.42 ,  8.93 ,  554 ,  4.95 , 1016697
1016716 , 287.6370 , -23.2239 , -18.84 ,   8.28 ,  8.85 ,  398 ,  2.66 , 1016697
1016727 , 291.7419 , -15.7458 , -18.75 ,   8.17 ,  8.81 ,  104 ,  2.42 , 1016697
1016712 , 288.5722 , -11.6065 , -18.50 ,   8.80 ,  8.71 ,  113 ,  2.89 , 1016697
1016710 , 286.8769 , -26.8544 , -18.37 ,   8.36 ,  8.66 ,  260 ,  2.22 , 1016697
1070486 , 275.9588 ,  -7.7275 , -18.23 ,   8.14 ,  8.60 ,  157 ,  1.88 , 1016697
1016707 , 283.1138 , -22.6433 , -18.12 ,   9.02 ,  8.56 , -157 ,  2.68 , 1016697
1016713 , 289.0683 , -20.4684 , -17.91 ,   9.22 ,  8.47 ,   32 ,  2.66 , 1016697
1016733 , 288.4647 , -18.6948 , -17.70 ,   9.26 ,  8.39 ,   94 ,  2.46 , 1016697
1059054 , 288.9585 , -17.0857 , -17.59 ,  10.54 ,  8.35 ,  558 ,  4.24 , 1016697
1016738 , 286.1595 , -26.3816 , -17.55 ,   9.54 ,  8.33 ,  216 ,  2.61 , 1016697
1064757 , 280.9736 , -11.5140 , -17.34 ,  10.29 ,  8.25 ,  448 ,  3.35 , 1016697
1016723 , 286.0826 , -10.0051 , -17.33 ,   9.30 ,  8.24 ,  111 ,  2.12 , 1016697
1016721 , 294.3613 , -13.4219 , -17.24 ,   9.67 ,  8.21 ,   38 ,  2.41 , 1016697
1016718 , 293.9763 , -30.6449 , -17.20 ,   9.63 ,  8.19 ,  449 ,  2.33 , 1016697
1013993 , 273.3289 , -11.1147 , -17.15 ,   7.31 ,  8.17 ,  261 ,  0.78 , 1016697
1016744 , 286.1804 , -21.7828 , -16.92 ,   9.92 ,  8.08 ,  129 ,  2.33 , 1016697
1016724 , 289.2729 , -17.3040 , -16.82 ,  10.04 ,  8.04 ,  695 ,  2.36 , 1016697
1016722 , 293.2473 , -11.1823 , -16.70 ,  10.28 ,  7.99 ,  111 ,  2.48 , 1016697
1016745 , 286.2276 , -20.6193 , -16.60 ,  10.63 ,  7.95 ,  265 ,  2.79 , 1016697
1016725 , 283.6036 , -20.7736 , -16.58 ,  10.50 ,  7.94 ,  201 ,  2.60 , 1016697
1016715 , 286.4998 , -31.9457 , -16.48 ,  10.63 ,  7.91 ,  631 ,  2.65 , 1016697
1086698 , 290.4094 ,  -5.3658 , -16.48 ,  10.93 ,  7.91 ,  531 ,  3.04 , 1016697
1016728 , 292.5145 , -16.3278 , -16.40 ,  10.94 ,  7.87 ,  -69 ,  2.94 , 1016697
1068643 , 286.9975 , -13.3931 , -16.39 ,  12.18 ,  7.87 ,  500 ,  5.16 , 1016697
1016736 , 293.5494 , -14.0279 , -16.36 ,  10.71 ,  7.85 ,  305 ,  2.59 , 1016697
1016749 , 287.8058 , -20.5816 , -16.27 ,  11.08 ,  7.82 ,  420 ,  2.96 , 1016697
1016719 , 282.5394 , -25.5111 , -16.26 ,  10.17 ,  7.82 ,  349 ,  1.93 , 1016697
1016734 , 291.2535 , -24.8935 , -16.23 ,  10.78 ,  7.80 ,  546 ,  2.53 , 1016697
1014009 , 284.5058 ,  -8.3755 , -16.21 ,   8.59 ,  7.80 ,   -3 ,  0.91 , 1016697
1069245 , 294.6440 , -10.8625 , -16.18 ,  11.85 ,  7.78 ,  656 ,  4.03 , 1016697
1014011 , 280.8065 ,  -5.9846 , -16.05 ,   8.43 ,  7.73 ,  449 ,  0.79 , 1016697
1016742 , 290.5144 , -16.5307 , -16.02 ,  11.43 ,  7.72 ,  398 ,  3.10 , 1016697
1071269 , 297.0582 , -26.4763 , -16.01 ,  11.38 ,  7.72 ,  171 ,  3.01 , 1016697
1016748 , 289.0618 , -18.6665 , -15.99 ,  10.96 ,  7.71 ,   46 ,  2.45 , 1016697
1016730 , 283.7633 , -10.4497 , -15.90 ,  11.01 ,  7.67 ,  648 ,  2.41 , 1016697
1014019 , 279.0936 ,  -4.9494 , -15.84 ,   8.56 ,  7.65 ,  218 ,  0.76 , 1016697
1074348 , 288.9398 , -31.8858 , -15.74 ,  11.96 ,  7.61 ,  546 ,  3.47 , 1016697
1016740 , 284.4620 , -19.0407 , -15.48 ,  11.51 ,  7.50 ,   29 ,  2.50 , 1016697
1073991 , 295.3794 , -15.1379 , -15.45 ,  13.33 ,  7.49 ,  608 ,  5.70 , 1016697
1016726 , 287.6172 , -22.3154 , -15.40 ,  11.46 ,  7.47 ,  142 ,  2.36 , 1016697
1016731 , 285.4632 , -25.6677 , -15.10 ,  12.18 ,  7.35 ,  295 ,  2.87 , 1016697
1014013 , 280.4411 , -22.2370 , -15.08 ,  10.10 ,  7.34 ,  504 ,  1.09 , 1016697
1077818 , 302.5699 , -15.3285 , -15.05 ,  14.14 ,  7.33 ,  515 ,  6.89 , 1016697
1014037 , 293.4123 ,  -5.6208 , -14.94 ,   8.23 ,  7.29 ,  307 ,  0.43 , 1016697
1016750 , 280.2450 , -27.1928 , -14.88 ,  11.87 ,  7.26 ,  522 ,  2.24 , 1016697
1016737 , 280.6858 , -31.2370 , -14.85 ,  12.31 ,  7.25 ,  536 ,  2.71 , 1016697
1089958 , 295.8658 , -22.6847 , -14.80 ,  12.65 ,  7.23 ,  175 ,  3.09 , 1016697
1016729 , 288.6216 ,  -3.4724 , -14.72 ,  12.10 ,  7.20 ,  116 ,  2.32 , 1016697
1016739 , 285.6855 , -22.0654 , -14.70 ,  12.26 ,  7.19 ,   90 ,  2.46 , 1016697
1014010 , 276.6937 , -28.8033 , -14.53 ,   9.81 ,  7.13 ,   34 ,  0.74 , 1016697
1016743 , 283.4812 , -29.1837 , -14.37 ,  12.57 ,  7.06 ,  464 ,  2.45 , 1016697
1016741 , 289.0439 , -25.3743 , -14.35 ,  12.74 ,  7.05 ,  179 ,  2.62 , 1016697
1091171 , 298.9807 , -20.9040 , -14.18 ,  13.10 ,  6.98 ,   93 ,  2.85 , 1016697
1091536 , 290.6812 ,  -3.1790 , -14.16 ,  13.52 ,  6.98 ,  506 ,  3.43 , 1016697
1013985 , 285.0169 , -24.4599 , -14.16 ,  11.27 ,  6.98 ,  -53 ,  1.22 , 1016697
1016735 , 281.3771 , -21.5763 , -14.12 ,  13.21 ,  6.96 ,  356 ,  2.93 , 1016697
1016732 , 283.6335 , -19.5689 , -14.07 ,  13.34 ,  6.94 ,   99 ,  3.04 , 1016697
1016751 , 287.0970 , -17.0992 , -14.07 ,  12.77 ,  6.94 ,  258 ,  2.34 , 1016697
1016747 , 292.8101 , -18.0081 , -14.05 ,  13.08 ,  6.93 ,  420 ,  2.67 , 1016697
1016752 , 288.7448 , -20.3580 , -14.01 ,  12.79 ,  6.92 ,  498 ,  2.29 , 1016697
1021395 , 244.1872 , -50.5750 , -25.20 ,   3.37 , 11.39 ,  412 ,  5.18 , 1021395
1021396 , 244.5844 , -52.0171 , -21.64 ,   6.82 ,  9.97 ,  364 ,  4.93 , 1021395
1021397 , 246.8237 , -47.6103 , -20.74 ,   7.72 ,  9.61 ,  331 ,  4.92 , 1021395
1021400 , 246.3202 , -50.9984 , -20.49 ,   8.04 ,  9.51 ,  365 ,  5.08 , 1021395
1041959 , 243.9810 , -49.8940 , -20.11 ,   9.27 ,  9.36 ,  515 ,  7.51 , 1021395
1021401 , 249.7775 , -51.2766 , -19.98 ,   8.66 ,  9.31 ,  376 ,  5.36 , 1021395
1052634 , 248.2673 , -46.4206 , -19.88 ,   8.75 ,  9.26 ,  468 ,  5.31 , 1021395
1021398 , 237.4352 , -48.6475 , -19.79 ,   8.69 ,  9.23 ,  413 ,  4.96 , 1021395
1048981 , 239.2667 , -49.0266 , -19.74 ,   9.79 ,  9.21 ,  572 ,  8.07 , 1021395
1021399 , 241.7301 , -49.1576 , -19.39 ,   9.26 ,  9.07 ,  375 ,  5.36 , 1021395
1025386 , 251.9664 , -51.2350 , -19.24 ,   9.82 ,  9.01 ,  400 ,  6.47 , 1021395
1021402 , 244.5508 , -52.4431 , -19.00 ,   9.64 ,  8.91 ,  267 ,  5.33 , 1021395
1021404 , 246.1461 , -50.1095 , -18.52 ,  10.15 ,  8.72 ,  336 ,  5.43 , 1021395
1041960 , 244.1055 , -49.7485 , -17.83 ,  11.55 ,  8.44 ,  533 ,  7.52 , 1021395
1021409 , 249.5181 , -48.9995 , -17.81 ,  10.72 ,  8.43 ,  276 ,  5.06 , 1021395
1021403 , 241.3533 , -49.7963 , -17.80 ,  10.63 ,  8.43 ,  193 ,  4.85 , 1021395
1021407 , 242.7779 , -52.6403 , -17.33 ,  11.09 ,  8.24 ,  327 ,  4.83 , 1021395
1021405 , 246.3825 , -51.6247 , -16.84 ,  11.78 ,  8.05 ,  306 ,  5.28 , 1021395
1021406 , 238.5727 , -51.7611 , -16.66 ,  11.86 ,  7.97 ,  262 ,  5.05 , 1021395
1021411 , 238.3467 , -50.7257 , -16.61 ,  12.03 ,  7.95 ,  443 ,  5.34 , 1021395
1091512 , 243.6602 , -45.3007 , -16.41 ,  11.92 ,  7.88 ,  408 ,  4.63 , 1021395
1065036 , 242.5743 , -45.3604 , -16.18 ,  11.98 ,  7.79 ,  409 ,  4.30 , 1021395
1021410 , 247.8637 , -49.8337 , -15.97 ,  12.57 ,  7.70 ,  473 ,  5.09 , 1021395
1025391 , 250.9887 , -51.7049 , -15.96 ,  13.11 ,  7.70 ,  395 ,  6.54 , 1021395
1021413 , 245.3221 , -50.8540 , -15.74 ,  12.84 ,  7.61 ,  101 ,  5.21 , 1021395
1021414 , 248.4972 , -49.3983 , -15.73 ,  12.81 ,  7.60 ,  340 ,  5.10 , 1021395
1025390 , 250.4874 , -49.9718 , -15.42 ,  13.78 ,  7.48 ,  426 ,  6.94 , 1021395
1080284 , 243.3187 , -54.1072 , -14.95 ,  13.83 ,  7.29 ,  473 ,  5.71 , 1021395
1021412 , 245.1733 , -50.8427 , -14.11 ,  14.63 ,  6.96 ,  387 ,  5.62 , 1021395
1013937 , 255.8929 ,  -6.6160 , -25.10 ,  -0.37 , 11.35 ,  249 ,  0.88 , 1013937
1013950 , 251.2693 , -22.6099 , -21.21 ,   4.49 ,  9.80 ,  396 ,  1.38 , 1013937
1051601 , 265.3561 , -13.7428 , -19.60 ,   6.85 ,  9.15 ,  303 ,  1.94 , 1013937
1048540 , 254.0679 , -15.5799 , -19.43 ,   9.29 ,  9.08 ,  520 ,  5.55 , 1013937
1049585 , 247.3185 ,  -5.4242 , -18.70 ,  11.14 ,  8.79 ,  707 ,  9.29 , 1013937
1013967 , 247.7006 , -25.2712 , -18.66 ,   6.51 ,  8.77 ,  236 ,  1.08 , 1013937
1077656 , 252.8492 , -10.3198 , -18.40 ,   7.74 ,  8.67 ,  283 ,  1.69 , 1013937
1058875 , 275.0294 ,  -1.3284 , -18.11 ,   9.32 ,  8.56 ,  632 ,  3.05 , 1013937
1014022 , 257.8706 ,  -7.9976 , -17.06 ,   8.17 ,  8.14 ,  187 ,  1.12 , 1013937
1014002 , 257.0684 , -20.1735 , -16.98 ,   8.43 ,  8.10 ,  122 ,  1.21 , 1013937
1014032 , 243.1189 , -19.9963 , -16.96 ,   7.26 ,  8.09 ,  322 ,  0.70 , 1013937
1013994 , 236.4517 ,  -2.6878 , -16.77 ,   7.84 ,  8.02 ,  583 ,  0.83 , 1013937
1067044 , 249.3653 ,  -9.2149 , -16.34 ,  13.30 ,  7.85 ,  646 ,  8.48 , 1013937
1013995 , 262.1123 , -19.4718 , -16.31 ,   8.18 ,  7.84 ,   34 ,  0.79 , 1013937
1014042 , 253.0573 ,  -4.2478 , -16.29 ,   8.58 ,  7.83 ,  465 ,  0.94 , 1013937
1014021 , 258.2906 , -11.2285 , -15.98 ,   8.80 ,  7.70 ,  556 ,  0.90 , 1013937
1014006 , 268.6081 ,   4.2636 , -15.55 ,   8.22 ,  7.53 ,  442 ,  0.57 , 1013937
1013982 , 267.0993 ,  -8.5615 , -15.39 ,  10.33 ,  7.47 ,  168 ,  1.39 , 1013937
1014036 , 245.9312 , -13.5322 , -14.97 ,   9.60 ,  7.30 ,  514 ,  0.82 , 1013937
1014044 , 247.6637 , -13.4460 , -14.95 ,   8.56 ,  7.29 ,  221 ,  0.50 , 1013937
1051134 , 247.8622 ,  -7.7508 , -14.65 ,  15.03 ,  7.17 ,  699 ,  8.65 , 1013937
1013980 , 260.3895 ,  -0.5920 , -14.50 ,  10.75 ,  7.11 ,  346 ,  1.12 , 1013937
1091474 , 253.6510 ,  -0.6450 , -14.32 ,  11.94 ,  7.04 ,  117 ,  1.79 , 1013937
1014041 , 268.4999 ,   2.2672 , -14.15 ,  11.07 ,  6.97 ,   16 ,  1.11 , 1013937
1021888 ,  53.7143 ,  -3.6396 , -24.80 ,   4.56 , 11.23 ,  773 ,  7.44 , 1021888
1021889 ,  54.9737 ,  -5.8443 , -20.25 ,   9.13 ,  9.41 ,  665 ,  7.52 , 1021888
1045294 ,  54.9594 ,  -4.0170 , -20.00 ,   9.88 ,  9.31 ,  762 ,  9.49 , 1021888
1049497 ,  56.1098 ,  -4.8790 , -19.37 ,  10.49 ,  9.06 ,  763 ,  9.35 , 1021888
1021893 ,  54.8981 ,  -2.3206 , -18.62 ,  10.78 ,  8.76 ,  802 ,  7.59 , 1021888
1021892 ,  52.9699 ,  -1.4176 , -18.57 ,  10.75 ,  8.74 ,  863 ,  7.33 , 1021888
1021891 ,  55.2904 ,  -4.1041 , -18.57 ,  10.84 ,  8.74 ,  686 ,  7.61 , 1021888
1021895 ,  53.7751 ,  -3.6958 , -18.50 ,  10.88 ,  8.71 ,  579 ,  7.54 , 1021888
1058981 ,  55.0313 ,  -5.2484 , -17.64 ,  12.15 ,  8.37 ,  734 ,  9.10 , 1021888
1021894 ,  52.4394 ,  -2.8536 , -17.05 ,  12.32 ,  8.13 ,  917 ,  7.48 , 1021888
1021898 ,  53.3717 ,  -4.5485 , -16.16 ,  13.11 ,  7.77 ,  694 ,  7.14 , 1021888
1021896 ,  51.4158 ,  -3.5500 , -15.87 ,  13.52 ,  7.66 ,  696 ,  7.53 , 1021888
1021899 ,  54.1238 ,  -5.5690 , -15.71 ,  13.60 ,  7.60 ,  667 ,  7.28 , 1021888
1021897 ,  54.9493 ,  -3.0513 , -14.52 ,  14.67 ,  7.12 ,  649 ,  6.91 , 1021888
1013938 , 259.8093 ,   4.8265 , -24.49 ,  -0.51 , 11.11 ,  492 ,  0.63 , 1013938
1013948 , 259.0504 ,  11.0557 , -22.76 ,   2.50 , 10.42 ,  311 ,  1.13 , 1013938
1013959 , 256.2972 ,  19.8463 , -21.78 ,   1.57 , 10.02 ,  508 ,  0.47 , 1013938
1041314 , 260.4543 ,  20.2942 , -20.60 ,   7.57 ,  9.55 ,  495 ,  4.30 , 1013938
1013968 , 257.0083 ,  13.6250 , -20.41 ,   4.15 ,  9.48 ,  349 ,  0.82 , 1013938
1038656 , 262.1058 ,  17.6051 , -20.01 ,   7.77 ,  9.31 ,  524 ,  3.60 , 1013938
1014000 , 255.8580 ,  -0.3847 , -18.13 ,   6.51 ,  8.56 ,  663 ,  0.85 , 1013938
1057831 , 263.4449 ,  19.5686 , -17.59 ,  10.44 ,  8.35 ,  613 ,  4.03 , 1013938
1014015 , 259.0399 ,  11.9009 , -17.39 ,   6.19 ,  8.27 ,  692 ,  0.52 , 1013938
1038657 , 262.1984 ,  19.9063 , -16.45 ,  11.43 ,  7.89 ,  580 ,  3.76 , 1013938
1041315 , 260.6128 ,  20.3934 , -16.03 ,  12.13 ,  7.72 ,  558 ,  4.29 , 1013938
1014027 , 257.0677 ,   7.2040 , -15.81 ,   8.74 ,  7.63 ,  155 ,  0.81 , 1013938
1027811 , 211.6884 ,  34.8747 , -24.72 ,   5.20 , 11.20 ,  656 ,  9.63 , 1027811
1053014 , 212.0916 ,  34.9786 , -18.61 ,  10.48 ,  8.76 ,  486 ,  6.59 , 1027811
1027812 , 210.5319 ,  35.4554 , -15.96 ,  13.91 ,  7.69 ,  696 ,  9.39 , 1027811
1085001 , 212.1458 ,  35.5588 , -15.61 ,  13.97 ,  7.56 ,  541 ,  8.24 , 1027811
1027813 , 209.9859 ,  35.1931 , -15.56 ,  14.30 ,  7.54 ,  663 ,  9.40 , 1027811
1081734 , 214.7340 ,  35.9266 , -15.50 ,  13.94 ,  7.51 ,  578 ,  7.71 , 1027811
1013944 , 157.2862 ,  14.0485 , -23.80 ,  -2.99 , 10.83 , -148 ,  0.15 , 1013944
1032661 , 203.4824 , -10.6415 , -23.06 ,   2.87 , 10.53 ,   96 ,  1.53 , 1013944
1013952 , 213.8808 ,  -8.3013 , -22.44 ,   1.01 , 10.29 ,   47 ,  0.49 , 1013944
1046002 , 186.9823 ,  -6.8952 , -20.28 ,   6.82 ,  9.42 ,  184 ,  2.63 , 1013944
1013962 , 153.8780 , -25.4199 , -20.24 ,   2.67 ,  9.41 ,  -58 ,  0.38 , 1013944
1049443 , 195.4015 ,  10.7567 , -19.02 ,   8.74 ,  8.92 ,  291 ,  3.56 , 1013944
1052916 , 179.1533 ,   5.3424 , -18.43 ,  10.28 ,  8.68 ,  404 ,  5.52 , 1013944
1074458 , 194.1731 ,   6.7613 , -15.40 ,  10.99 ,  7.47 ,  151 ,  1.89 , 1013944
1014024 , 203.4216 ,   3.1064 , -15.14 ,  10.08 ,  7.37 ,  385 ,  1.11 , 1013944
1032662 , 200.5742 ,  -5.6474 , -14.89 ,  11.03 ,  7.27 ,   51 ,  1.53 , 1013944
1086875 , 201.2439 ,  -6.1599 , -14.87 ,  12.17 ,  7.26 ,  216 ,  2.56 , 1013944
1014043 , 165.8551 ,  21.2161 , -14.86 ,   5.92 ,  7.26 , -150 ,  0.14 , 1013944
1014034 , 218.7778 ,  -7.1635 , -14.81 ,   8.68 ,  7.24 ,  305 ,  0.50 , 1013944
1082560 , 191.4989 ,   3.3305 , -14.81 ,  13.31 ,  7.24 ,  310 ,  4.22 , 1013944
1087303 , 224.8411 , -10.9476 , -14.54 ,  11.20 ,  7.13 ,  259 ,  1.40 , 1013944
1013939 ,   0.0000 ,   0.0000 , -14.18 , -23.56 , 10.74 ,    0 ,   nan , 1013939
1013942 ,   6.2703 ,  -3.7615 , -23.54 ,   0.95 , 10.73 ,  116 ,  0.79 , 1013939
1013963 ,  33.8350 ,  17.4556 , -19.90 ,   3.55 ,  9.27 ,  -23 ,  0.49 , 1013939
1063514 , 333.7502 , -21.8023 , -17.34 ,   7.68 ,  8.25 ,  130 ,  1.01 , 1013939
1013998 ,  18.2472 ,  11.2456 , -16.79 ,   5.47 ,  8.03 ,  -31 ,  0.28 , 1013939
1086874 ,   5.8167 ,  32.8374 , -16.45 ,   8.46 ,  7.89 ,  -32 ,  0.96 , 1013939
1013986 ,  18.6632 , -16.3522 , -16.03 ,   7.06 ,  7.72 ,   19 ,  0.42 , 1013939
1014026 ,   9.0271 ,  -7.6985 , -15.04 ,   8.79 ,  7.33 ,   33 ,  0.58 , 1013939
1028835 , 147.5130 , -38.2524 , -24.29 ,   3.76 , 11.03 ,  247 ,  4.09 , 1028835
1028837 , 147.7151 , -38.4748 , -18.24 ,   9.82 ,  8.61 ,  327 ,  4.10 , 1028835
1028836 , 151.0422 , -38.8107 , -17.80 ,  10.33 ,  8.43 ,  343 ,  4.22 , 1028835
1076814 , 143.3799 , -40.0760 , -14.71 ,  13.52 ,  7.19 ,  201 ,  4.43 , 1028835
1028838 , 147.0805 , -37.0919 , -14.61 ,  13.49 ,  7.16 ,  272 ,  4.17 , 1028835
1028649 , 356.3542 , -53.8937 , -24.27 ,   5.51 , 11.02 ,  763 ,  9.05 , 1028649
1064798 ,   0.7861 , -54.4487 , -16.52 ,  13.38 ,  7.92 ,  814 ,  9.55 , 1028649
1023991 , 185.7882 , -45.2438 , -23.78 ,   4.79 , 10.82 ,  424 ,  5.18 , 1023991
1030597 , 185.3693 , -44.5281 , -23.09 ,   5.03 , 10.55 ,  348 ,  4.20 , 1023991
1030598 , 185.7460 , -48.1125 , -19.63 ,   8.52 ,  9.16 ,  336 ,  4.27 , 1023991
1049970 , 187.8151 , -48.7329 , -18.68 ,   8.82 ,  8.78 ,  255 ,  3.16 , 1023991
1030599 , 185.1184 , -44.5799 , -18.59 ,   9.52 ,  8.75 ,  238 ,  4.19 , 1023991
1066487 , 188.1181 , -45.0992 , -17.34 ,  11.05 ,  8.25 ,  462 ,  4.78 , 1023991
1023996 , 183.2211 , -42.1252 , -16.46 ,  12.30 ,  7.90 ,  535 ,  5.64 , 1023991
1023998 , 183.5809 , -46.6286 , -16.10 ,  12.55 ,  7.75 ,  423 ,  5.39 , 1023991
1023997 , 187.3058 , -48.9804 , -15.42 ,  13.16 ,  7.48 ,  444 ,  5.22 , 1023991
1023999 , 182.9913 , -42.6293 , -14.84 ,  13.92 ,  7.25 ,  399 ,  5.65 , 1023991
1030152 , 304.8976 ,  -8.1867 , -23.57 ,   5.79 , 10.74 ,  607 ,  7.45 , 1030152
1029938 , 302.9486 ,  -8.8218 , -23.05 ,   6.55 , 10.53 ,  604 ,  8.32 , 1030152
1039177 , 303.9774 ,  -8.5830 , -21.44 ,   8.28 ,  9.89 ,  742 ,  8.76 , 1030152
1029940 , 303.2391 ,  -8.8393 , -20.68 ,   8.92 ,  9.58 ,  471 ,  8.34 , 1030152
1029939 , 304.5954 , -10.4421 , -20.12 ,   9.46 ,  9.36 ,  653 ,  8.28 , 1030152
1029941 , 304.3737 , -10.2750 , -19.19 ,  10.40 ,  8.99 ,  619 ,  8.28 , 1030152
1030897 , 305.3575 ,  -6.8205 , -18.32 ,  11.38 ,  8.64 ,  575 ,  8.69 , 1030152
1065776 , 304.1373 ,  -7.4620 , -17.15 ,  12.76 ,  8.17 ,  772 ,  9.61 , 1030152
1039178 , 303.3413 ,  -8.1203 , -16.87 ,  12.85 ,  8.06 ,  730 ,  8.83 , 1030152
1063079 , 303.2605 ,  -7.3027 , -16.76 ,  13.19 ,  8.02 ,  668 ,  9.78 , 1030152
1030154 , 304.9860 ,  -8.8030 , -16.44 ,  12.89 ,  7.89 ,  516 ,  7.34 , 1030152
1077179 , 306.0685 ,  -8.4120 , -16.30 ,  13.68 ,  7.83 ,  696 ,  9.94 , 1030152
1029943 , 303.3258 ,  -8.9053 , -14.47 ,  15.12 ,  7.10 ,  490 ,  8.30 , 1030152
1030898 , 304.3793 ,  -6.1966 , -14.45 ,  15.28 ,  7.09 ,  698 ,  8.83 , 1030152
1029942 , 302.8340 ,  -8.5875 , -14.14 ,  15.47 ,  6.97 ,  534 ,  8.39 , 1030152
1028361 ,  49.1307 ,  21.4634 , -24.09 ,   5.45 , 10.95 ,  763 ,  8.07 , 1028361
1036402 ,  52.1421 ,  23.3928 , -22.02 ,   7.92 , 10.12 ,  781 ,  9.73 , 1028361
1038636 ,  52.0491 ,  20.3482 , -20.75 ,   9.24 ,  9.61 ,  763 ,  9.93 , 1028361
1044009 ,  52.1824 ,  23.1041 , -20.43 ,   8.89 ,  9.48 ,  781 ,  7.32 , 1028361
1028362 ,  50.1344 ,  21.2486 , -19.46 ,  10.11 ,  9.10 ,  843 ,  8.19 , 1028361
1028363 ,  48.8309 ,  20.8944 , -16.55 ,  13.01 ,  7.93 ,  665 ,  8.15 , 1028361
1038637 ,  51.6897 ,  20.2118 , -14.80 ,  15.16 ,  7.23 ,  734 ,  9.82 , 1028361
1028366 ,  48.9956 ,  20.1648 , -14.74 ,  14.75 ,  7.21 ,  765 ,  7.93 , 1028361
1028364 ,  47.1571 ,  21.4395 , -14.23 ,  15.27 ,  7.00 ,  712 ,  7.94 , 1028361
1088880 ,  48.5945 ,  19.9665 , -14.10 ,  15.56 ,  6.95 ,  830 ,  8.56 , 1028361
1028365 ,  48.8252 ,  21.8628 , -14.05 ,  15.48 ,  6.93 ,  788 ,  8.04 , 1028361
1027776 ,  65.2598 , -25.7271 , -23.99 ,   5.70 , 10.91 ,  779 ,  8.68 , 1027776
1027777 ,  65.6676 , -25.3887 , -18.83 ,  10.88 ,  8.84 ,  696 ,  8.76 , 1027776
1059157 ,  65.2381 , -24.2632 , -16.60 ,  12.56 ,  7.95 ,  512 ,  6.81 , 1027776
1059158 ,  64.4745 , -23.9211 , -16.14 ,  13.00 ,  7.77 ,  503 ,  6.72 , 1027776
1027778 ,  64.0502 , -26.0955 , -14.65 ,  15.06 ,  7.17 ,  923 ,  8.73 , 1027776
1031300 , 358.3388 , -33.8181 , -23.84 ,   5.80 , 10.85 ,  786 ,  8.47 , 1031300
1085497 , 359.8991 , -32.5784 , -14.64 ,  15.13 ,  7.17 ,  808 ,  8.99 , 1031300
1031301 , 358.4328 , -33.9906 , -14.25 ,  15.37 ,  7.01 ,  847 ,  8.37 , 1031300
1030918 ,  81.4054 , -36.0100 , -23.40 ,   6.27 , 10.67 ,  762 ,  8.56 , 1030918
1039259 ,  83.1626 , -36.4503 , -21.34 ,   7.86 ,  9.85 ,  591 ,  6.92 , 1030918
1030919 ,  81.4448 , -36.1438 , -20.54 ,   9.12 ,  9.53 ,  721 ,  8.55 , 1030918
1029478 , 341.9715 , -22.9695 , -23.61 ,   6.33 , 10.75 ,  811 ,  9.71 , 1029478
1029479 , 342.4065 , -23.1719 , -17.15 ,  12.75 ,  8.17 ,  880 ,  9.57 , 1029478
1029480 , 342.4379 , -22.5196 , -15.66 ,  14.29 ,  7.58 ,  784 ,  9.78 , 1029478
1025385 , 253.9197 , -51.0166 , -23.58 ,   5.52 , 10.74 ,  463 ,  6.61 , 1025385
1038951 , 257.1899 , -48.5251 , -19.31 ,  10.18 ,  9.04 ,  642 ,  7.90 , 1025385
1025389 , 254.0404 , -52.4740 , -19.14 ,   9.91 ,  8.97 ,  440 ,  6.44 , 1025385
1038953 , 256.8304 , -48.7034 , -18.58 ,  10.91 ,  8.74 ,  597 ,  7.90 , 1025385
1025387 , 253.2528 , -52.9861 , -18.01 ,  11.04 ,  8.52 ,  433 ,  6.48 , 1025385
1025394 , 254.2521 , -50.9425 , -17.52 ,  11.58 ,  8.32 ,  698 ,  6.62 , 1025385
1025388 , 255.3525 , -48.7394 , -17.46 ,  11.66 ,  8.30 ,  514 ,  6.68 , 1025385
1025395 , 256.3564 , -50.2369 , -15.81 ,  13.32 ,  7.64 ,  361 ,  6.71 , 1025385
1021408 , 251.8644 , -53.0202 , -15.09 ,  13.61 ,  7.35 ,  387 ,  5.50 , 1025385
1025393 , 254.9090 , -50.9727 , -15.07 ,  14.07 ,  7.34 ,  378 ,  6.71 , 1025385
1038954 , 256.8199 , -48.8498 , -14.80 ,  14.69 ,  7.23 ,  611 ,  7.90 , 1025385
1025392 , 254.7263 , -50.1648 , -14.39 ,  14.76 ,  7.07 ,  569 ,  6.78 , 1025385
1025396 , 254.1534 , -50.4032 , -14.19 ,  14.90 ,  6.99 ,  465 ,  6.58 , 1025385
1031753 ,  53.9914 , -29.4072 , -23.47 ,   4.45 , 10.70 ,  519 ,  3.84 , 1031753
1051370 ,  53.9437 , -29.4342 , -19.29 ,  10.20 ,  9.03 ,  687 ,  7.92 , 1031753
1068954 ,  52.7904 , -31.0330 , -17.93 ,   9.77 ,  8.48 ,  485 ,  3.46 , 1031753
1031755 ,  56.0713 , -29.9542 , -15.73 ,  12.23 ,  7.60 ,  460 ,  3.90 , 1031753
1088039 ,  54.6548 , -27.0996 , -14.80 ,  14.36 ,  7.23 ,  455 ,  6.79 , 1031753
1031756 ,  54.6121 , -30.3348 , -14.74 ,  13.16 ,  7.21 ,  545 ,  3.80 , 1031753
1031754 ,  55.4352 , -29.9718 , -14.12 ,  13.81 ,  6.96 ,  669 ,  3.85 , 1031753
1013941 , 232.9770 ,  -9.7371 , -23.50 ,   0.12 , 10.71 ,  294 ,  0.53 , 1013941
1013953 , 245.6332 ,  -9.8485 , -21.45 ,   2.85 ,  9.89 ,  220 ,  0.72 , 1013941
1013955 , 210.6900 ,   3.2472 , -20.86 ,   4.55 ,  9.66 ,  307 ,  1.21 , 1013941
1013977 , 226.1165 ,   8.4622 , -17.90 ,   5.76 ,  8.47 ,  410 ,  0.54 , 1013941
1014008 , 247.5153 ,   6.3933 , -17.16 ,   6.95 ,  8.18 ,  429 ,  0.67 , 1013941
1014016 , 220.6483 ,  -5.0737 , -17.14 ,   5.76 ,  8.17 ,  247 ,  0.38 , 1013941
1013978 , 247.6092 ,  11.6778 , -14.22 ,  11.73 ,  7.00 ,  381 ,  1.55 , 1013941
1031790 , 228.2035 ,  32.2997 , -23.21 ,   5.41 , 10.60 ,  597 ,  5.29 , 1031790
1054722 , 226.0893 ,  33.2359 , -18.90 ,  10.17 ,  8.87 ,  663 ,  6.52 , 1031790
1031791 , 225.9230 ,  32.4380 , -17.49 ,  11.16 ,  8.31 ,  669 ,  5.37 , 1031790
1031792 , 227.7843 ,  31.6202 , -17.37 ,  11.23 ,  8.26 ,  538 ,  5.25 , 1031790
1013940 , 267.5615 , -24.9724 , -23.18 ,   2.90 , 10.58 ,  379 ,  1.64 , 1013940
1014014 , 261.7769 , -30.5610 , -15.07 ,   9.15 ,  7.34 ,  310 ,  0.70 , 1013940
1014038 , 267.2856 , -25.4270 , -14.90 ,  11.20 ,  7.27 ,  176 ,  1.66 , 1013940
1014033 , 268.1769 , -30.9058 , -14.29 ,  11.56 ,  7.03 ,  376 ,  1.48 , 1013940
1023992 , 179.8560 , -42.4795 , -22.71 ,   6.10 , 10.40 ,  405 ,  5.78 , 1023992
1023993 , 178.8273 , -41.0608 , -21.74 ,   7.14 , 10.01 ,  389 ,  5.99 , 1023992
1023994 , 180.0442 , -43.2900 , -20.02 ,   8.80 ,  9.32 ,  408 ,  5.81 , 1023992
1023995 , 181.8316 , -40.8444 , -16.30 ,  12.42 ,  7.83 ,  401 ,  5.55 , 1023992
1024001 , 179.3779 , -42.6236 , -15.73 ,  13.09 ,  7.60 ,  275 ,  5.81 , 1023992
1072827 , 178.8553 , -40.4267 , -15.62 ,  13.49 ,  7.56 ,  432 ,  6.65 , 1023992
1024002 , 180.0000 , -42.9369 , -14.72 ,  14.10 ,  7.20 ,  406 ,  5.81 , 1023992
1024000 , 179.1135 , -43.2890 , -14.29 ,  14.60 ,  7.03 ,  366 ,  5.99 , 1023992
1029616 , 109.0786 , -34.8876 , -23.01 ,   3.07 , 10.51 ,   26 ,  1.64 , 1029616
1029617 , 110.6047 , -39.3344 , -17.59 ,   8.44 ,  8.35 ,  151 ,  1.61 , 1029616
1013989 , 105.6842 , -34.3447 , -15.10 ,   7.83 ,  7.35 ,  172 ,  0.38 , 1029616
1029620 , 107.1224 , -33.2726 , -14.94 ,  11.20 ,  7.29 ,  -99 ,  1.69 , 1029616
1029619 , 111.9167 , -40.2706 , -14.51 ,  11.20 ,  7.12 ,  -40 ,  1.39 , 1029616
1029618 , 106.6868 , -33.3045 , -14.21 ,  11.62 ,  7.00 ,   -7 ,  1.47 , 1029616
1032659 , 160.8393 , -24.6715 , -22.93 ,   5.53 , 10.49 ,  403 ,  4.92 , 1032659
1037656 , 161.2135 , -29.0123 , -20.93 ,   7.44 ,  9.69 ,  282 ,  4.72 , 1032659
1037657 , 161.1507 , -28.9900 , -16.52 ,  11.83 ,  7.92 ,  334 ,  4.68 , 1032659
1084496 , 162.5205 , -25.7860 , -15.16 ,  13.16 ,  7.37 ,  325 ,  4.61 , 1032659
1032660 , 158.4568 , -23.0899 , -15.05 ,  13.43 ,  7.33 ,  376 ,  4.95 , 1032659
1033229 , 129.9463 , -45.0633 , -22.93 ,   6.93 , 10.48 ,  828 ,  9.37 , 1033229
1033230 , 130.3838 , -44.9405 , -15.33 ,  14.53 ,  7.44 ,  820 ,  9.35 , 1033229
1033231 , 130.4277 , -44.9259 , -14.07 ,  15.78 ,  6.94 ,  880 ,  9.33 , 1033229
1033232 , 129.8049 , -45.0411 , -14.00 ,  15.85 ,  6.91 ,  825 ,  9.34 , 1033229
1033688 , 169.7267 , -18.0530 , -22.66 ,   6.96 , 10.38 ,  645 ,  8.40 , 1033688
1037363 , 170.8123 , -16.8861 , -21.39 ,   8.53 ,  9.87 ,  738 ,  9.66 , 1033688
1041735 , 169.7946 , -18.2889 , -20.49 ,   9.26 ,  9.51 ,  673 ,  8.88 , 1033688
1033689 , 169.6837 , -17.6151 , -20.07 ,   9.57 ,  9.34 ,  681 ,  8.44 , 1033688
1037364 , 171.4638 , -16.5103 , -17.98 ,  11.97 ,  8.50 ,  720 ,  9.75 , 1033688
1037365 , 170.2345 , -18.1137 , -14.46 ,  15.46 ,  7.10 ,  684 ,  9.65 , 1033688
1032599 ,  70.2751 ,   5.8179 , -22.69 ,   6.62 , 10.39 ,  564 ,  7.29 , 1032599
1032600 ,  69.5710 ,   5.6019 , -15.75 ,  13.56 ,  7.61 ,  651 ,  7.28 , 1032599
1032601 ,  69.3853 ,   5.6112 , -14.58 ,  14.70 ,  7.14 ,  555 ,  7.17 , 1032599
1030896 , 307.9966 ,  -5.7905 , -22.25 ,   7.48 , 10.21 ,  700 ,  8.83 , 1035314
1035314 , 306.1481 ,  -5.6502 , -21.78 ,   8.15 , 10.03 ,  699 ,  9.70 , 1035314
1030895 , 305.4760 ,  -6.0476 , -21.66 ,   8.01 ,  9.98 ,  716 ,  8.61 , 1035314
1045563 , 308.2432 ,  -6.0262 , -19.78 ,  10.11 ,  9.22 ,  699 ,  9.50 , 1035314
1055352 , 305.6468 ,  -4.8992 , -18.75 ,   9.06 ,  8.81 ,  502 ,  3.65 , 1035314
1056772 , 308.3348 ,  -6.9617 , -18.03 ,  11.58 ,  8.53 ,  678 ,  8.35 , 1035314
1075300 , 306.2754 ,  -7.1016 , -16.67 ,  12.52 ,  7.98 ,  539 ,  6.89 , 1035314
1072781 , 305.0675 ,  -4.1542 , -16.49 ,  11.98 ,  7.91 ,  535 ,  4.95 , 1035314
1068489 , 305.2113 ,  -6.4517 , -16.30 ,  13.21 ,  7.83 ,  768 ,  7.97 , 1035314
1069908 , 305.8503 ,  -6.5348 , -16.09 ,  13.81 ,  7.75 ,  742 ,  9.53 , 1035314
1035315 , 306.1428 ,  -5.6525 , -15.56 ,  14.38 ,  7.53 ,  651 ,  9.72 , 1035314
1032137 , 302.8855 ,  -3.8197 , -22.41 ,   6.79 , 10.27 ,  664 ,  6.92 , 1032137
1032140 , 302.3346 ,  -3.7077 , -18.60 ,  10.60 ,  8.75 ,  604 ,  6.92 , 1032137
1052819 , 303.2275 ,  -4.1533 , -18.52 ,  11.19 ,  8.72 ,  804 ,  8.75 , 1032137
1032138 , 302.7878 ,  -5.0760 , -17.18 ,  12.11 ,  8.18 ,  678 ,  7.21 , 1032137
1083898 , 304.1285 ,  -3.1908 , -14.44 ,  15.44 ,  7.09 ,  818 ,  9.45 , 1032137
1031006 , 314.2899 , -16.6219 , -21.72 ,   7.64 , 10.00 ,  571 ,  7.44 , 1031006
1031007 , 314.9510 , -16.5379 , -21.66 ,   7.70 ,  9.98 ,  568 ,  7.43 , 1031006
1031008 , 314.2606 , -16.3213 , -17.09 ,  12.28 ,  8.15 ,  567 ,  7.51 , 1031006
1031850 , 146.5308 ,  84.8249 , -22.41 ,   6.62 , 10.28 ,  590 ,  6.40 , 1031850
1031851 , 142.7033 ,  83.5237 , -16.18 ,  12.83 ,  7.79 ,  597 ,  6.34 , 1031850
1031853 , 136.9404 ,  85.2531 , -15.43 ,  13.60 ,  7.49 ,  656 ,  6.41 , 1031850
1031852 , 144.9588 ,  84.9364 , -14.62 ,  14.39 ,  7.16 ,  792 ,  6.36 , 1031850
1034527 , 109.6863 , -54.9128 , -22.08 ,   4.10 , 10.14 ,  -19 ,  1.72 , 1034527
1045094 , 110.0036 , -56.4383 , -20.46 ,   3.78 ,  9.50 ,  -37 ,  0.71 , 1034527
1034528 , 110.1287 , -49.4936 , -17.55 ,   8.62 ,  8.33 ,  -14 ,  1.71 , 1034527
1013957 , 246.1953 ,  -7.0863 , -22.23 ,   2.41 , 10.20 ,   40 ,  0.84 , 1013957
1013979 , 246.9391 ,   3.2835 , -18.01 ,   6.60 ,  8.51 , -127 ,  0.83 , 1013957
1014023 , 234.8871 , -10.0055 , -15.84 ,   8.45 ,  7.65 ,  -73 ,  0.72 , 1013957
1014028 , 247.3438 ,   0.4805 , -14.65 ,   8.26 ,  7.17 , -176 ,  0.38 , 1013957
1034153 ,  54.0600 ,  25.3113 , -22.18 ,   6.96 , 10.18 ,  752 ,  6.74 , 1034153
1057292 ,  53.5376 ,  25.8322 , -17.85 ,  12.06 ,  8.45 ,  778 ,  9.62 , 1034153
1034504 ,  69.3077 , -39.1978 , -22.15 ,   5.65 , 10.17 ,  230 ,  3.63 , 1034504
1034505 ,  68.0394 , -39.2240 , -17.79 ,  10.02 ,  8.43 ,  204 ,  3.65 , 1034504
1034506 ,  69.1578 , -39.3944 , -15.57 ,  12.24 ,  7.54 ,  260 ,  3.65 , 1034504
1034531 , 174.7682 , -28.9722 , -22.12 ,   5.33 , 10.16 ,  288 ,  3.09 , 1034531
1034532 , 175.4221 , -28.8972 , -15.17 ,  12.28 ,  7.38 ,  209 ,  3.09 , 1034531
1033371 ,  93.9230 ,  61.1935 , -21.46 ,   5.71 ,  9.90 ,  331 ,  2.71 , 1033371
1038921 ,  89.2255 ,  59.4652 , -21.17 ,   6.29 ,  9.78 ,  362 ,  3.11 , 1033371
1033373 ,  95.1394 ,  60.8721 , -17.53 ,   9.64 ,  8.32 ,  308 ,  2.72 , 1033371
1033374 ,  93.1744 ,  61.9593 , -14.13 ,  12.98 ,  6.97 ,  301 ,  2.65 , 1033371
1035892 , 236.6524 ,  30.1864 , -21.95 ,   7.23 , 10.09 ,  604 ,  6.87 , 1035892
1057224 , 235.7474 ,  30.5071 , -18.00 ,  11.28 ,  8.51 ,  617 ,  7.19 , 1035892
1013946 ,  65.8958 ,  -4.2512 , -21.91 ,   2.24 , 10.08 , -189 ,  0.68 , 1013946
1013981 ,  67.4064 ,  -6.5524 , -18.44 ,   5.70 ,  8.69 , -108 ,  0.67 , 1013946
1013951 , 195.3208 , -79.3834 , -21.92 ,  -0.32 , 10.08 ,  -92 ,  0.21 , 1013951
1080468 , 185.5515 , -74.4150 , -15.82 ,   9.22 ,  7.64 ,   19 ,  1.02 , 1013951
1037633 , 218.1164 ,  30.8411 , -21.90 ,   7.87 , 10.07 ,  547 ,  8.97 , 1037633
1073076 , 219.0706 ,  30.7528 , -15.72 ,  12.99 ,  7.60 ,  423 ,  5.52 , 1037633
1037634 , 218.1712 ,  30.6905 , -14.85 ,  14.91 ,  7.25 ,  530 ,  8.96 , 1037633
1036355 , 186.4798 ,   7.8746 , -21.84 ,   5.89 , 10.05 ,  268 ,  3.52 , 1036355
1036356 , 187.8127 ,   8.1366 , -16.77 ,  10.89 ,  8.02 ,  292 ,  3.40 , 1036355
1069446 , 184.3358 ,   6.7432 , -15.37 ,  12.53 ,  7.46 ,  244 ,  3.80 , 1036355
1039465 , 219.0650 ,  33.9833 , -21.65 ,   8.26 ,  9.97 ,  607 ,  9.62 , 1039465
1091193 , 217.9220 ,  33.9334 , -14.27 ,  15.72 ,  7.02 ,  630 ,  9.94 , 1039465
1039466 , 219.0835 ,  34.0994 , -14.26 ,  15.66 ,  7.02 ,  645 ,  9.64 , 1039465
1034810 , 247.8457 ,  29.4988 , -21.54 ,   6.61 ,  9.93 ,  505 ,  4.28 , 1034810
1034811 , 248.1544 ,  30.3060 , -15.90 ,  12.24 ,  7.67 ,  573 ,  4.26 , 1034810
1085832 , 247.7671 ,  28.3797 , -14.78 ,  13.28 ,  7.22 ,  435 ,  4.09 , 1034810
1034812 , 247.6667 ,  29.3518 , -14.56 ,  13.59 ,  7.14 ,  453 ,  4.28 , 1034810
1038349 , 260.7808 , -42.9373 , -21.49 ,   8.27 ,  9.91 ,  676 ,  8.95 , 1038349
1078271 , 261.0630 , -44.1585 , -15.35 ,  14.34 ,  7.45 ,  648 ,  8.68 , 1038349
1016699 , 283.7972 , -35.7055 , -21.45 ,   5.87 ,  9.89 ,   16 ,  2.91 , 1016699
1016720 , 281.4441 , -36.0485 , -16.82 ,  10.46 ,  8.04 ,   -8 ,  2.85 , 1016699
1016746 , 284.4220 , -36.0517 , -14.26 ,  13.05 ,  7.01 ,   -4 ,  2.90 , 1016699
1036503 , 135.0615 ,  23.6074 , -21.25 ,   8.25 ,  9.81 ,  529 ,  7.94 , 1036503
1036504 , 135.1433 ,  23.6973 , -18.85 ,  10.65 ,  8.85 ,  591 ,  7.94 , 1036503
1036505 , 134.5097 ,  23.7043 , -14.70 ,  14.76 ,  7.19 ,  533 ,  7.78 , 1036503
1036477 , 208.9292 ,  52.4650 , -21.20 ,   8.27 ,  9.79 ,  636 ,  7.83 , 1036477
1036478 , 210.5101 ,  52.9782 , -14.71 ,  14.76 ,  7.19 ,  658 ,  7.82 , 1036477
1039281 ,  16.9751 ,  10.5808 , -21.10 ,   8.33 ,  9.75 ,  783 ,  7.70 , 1039281
1039282 ,  17.2423 ,  10.9128 , -14.23 ,  15.23 ,  7.00 ,  746 ,  7.79 , 1039281
1038378 , 234.7777 , -31.6803 , -20.86 ,   9.07 ,  9.66 ,  700 ,  9.67 , 1038378
1038379 , 234.7444 , -31.8004 , -15.89 ,  14.04 ,  7.67 ,  724 ,  9.69 , 1038378
1039156 , 266.8481 , -54.8290 , -20.60 ,   8.48 ,  9.55 ,  428 ,  6.55 , 1039156
1056082 , 268.6096 , -54.6647 , -17.98 ,  10.99 ,  8.50 ,  396 ,  6.20 , 1039156
1040432 , 330.6083 ,  17.3805 , -20.54 ,   7.04 ,  9.53 ,  457 ,  3.29 , 1040432
1037439 , 327.8646 ,  18.7461 , -20.53 ,   7.40 ,  9.52 ,  512 ,  3.84 , 1040432
1037440 , 327.9594 ,  17.1642 , -18.51 ,   9.36 ,  8.72 ,  515 ,  3.76 , 1040432
1040433 , 333.4110 ,  18.0250 , -15.58 ,  11.92 ,  7.54 ,  413 ,  3.16 , 1040432
1037441 , 328.1965 ,  18.9519 , -14.81 ,  13.17 ,  7.23 ,  551 ,  3.94 , 1040432
1039358 , 168.7948 , -25.2586 , -20.64 ,   8.47 ,  9.57 ,  529 ,  6.63 , 1039358
1039359 , 168.5374 , -25.0005 , -16.91 ,  12.19 ,  8.08 ,  490 ,  6.60 , 1039358
1039360 , 168.8220 , -25.3854 , -14.82 ,  14.29 ,  7.24 ,  486 ,  6.63 , 1039358
1040153 ,  81.5525 , -29.7064 , -20.18 ,   7.62 ,  9.39 ,  253 ,  3.63 , 1040153
1049631 ,  81.7568 , -28.9171 , -19.03 ,   8.26 ,  8.92 ,  198 ,  2.88 , 1040153
1040154 ,  81.6155 , -30.0240 , -18.40 ,   9.38 ,  8.67 ,  142 ,  3.61 , 1040153
1049632 ,  80.7108 , -27.8280 , -14.18 ,  13.07 ,  6.99 ,  143 ,  2.83 , 1040153
1040820 , 304.9755 ,   2.1319 , -20.42 ,   8.58 ,  9.48 ,  630 ,  6.32 , 1040820
1040821 , 304.7766 ,   2.0088 , -16.70 ,  12.31 ,  7.99 ,  609 ,  6.35 , 1040820
1038907 , 173.3517 , -31.8570 , -20.35 ,   9.34 ,  9.45 ,  680 ,  8.69 , 1038907
1038908 , 172.3192 , -31.9025 , -17.18 ,  12.55 ,  8.18 ,  682 ,  8.81 , 1038907
1042828 ,  60.2604 ,   1.9998 , -20.39 ,   9.21 ,  9.47 ,  672 ,  8.33 , 1042828
1077030 ,  60.0972 ,   1.3568 , -14.53 ,  15.34 ,  7.13 ,  670 ,  9.44 , 1042828
1013960 , 269.6914 , -13.9407 , -20.26 ,   5.13 ,  9.42 ,  429 ,  1.20 , 1013960
1013997 , 271.2149 , -10.9285 , -14.61 ,  11.13 ,  7.16 ,  473 ,  1.41 , 1013960
1021890 ,  56.2223 ,  -6.9447 , -19.69 ,   9.75 ,  9.19 ,  880 ,  7.71 , 1021890
1055163 ,  56.3326 ,  -7.7206 , -19.01 ,  10.24 ,  8.92 ,  822 ,  7.07 , 1021890
1049447 ,  46.6625 ,  25.0199 , -19.61 ,  10.15 ,  9.16 ,  811 ,  8.96 , 1049447
1051716 ,  47.2951 ,  24.7307 , -18.94 ,  11.03 ,  8.89 ,  874 ,  9.86 , 1049447
1036973 ,  87.0264 , -29.8128 , -19.93 ,   7.35 ,  9.28 ,  143 ,  2.86 , 1036973
1036974 ,  87.3569 , -29.4027 , -15.40 ,  11.89 ,  7.47 ,  192 ,  2.87 , 1036973
1013956 , 238.8271 ,  39.1955 , -19.85 ,   5.35 ,  9.25 ,  323 ,  1.10 , 1013956
1014012 , 241.3475 ,  43.3401 , -15.01 ,  10.38 ,  7.31 ,  368 ,  1.19 , 1013956
1046549 , 316.9944 ,  45.2124 , -19.80 ,   9.21 ,  9.23 ,  613 ,  6.33 , 1046549
1046550 , 317.0337 ,  45.0386 , -15.14 ,  13.87 ,  7.37 ,  606 ,  6.33 , 1046549
1042612 ,  54.0233 ,  31.9354 , -19.66 ,   7.75 ,  9.18 ,  478 ,  3.04 , 1042612
1082777 ,  52.6267 ,  30.8474 , -14.72 ,  12.52 ,  7.20 ,  494 ,  2.81 , 1042612
1039589 , 108.8867 ,  -5.4432 , -19.45 ,   9.56 ,  9.09 ,  445 ,  6.34 , 1039589
1039591 , 109.0230 ,  -5.5820 , -17.40 ,  11.61 ,  8.27 ,  388 ,  6.35 , 1039589
1039590 , 108.4951 ,  -5.2383 , -15.76 ,  13.25 ,  7.62 ,  465 ,  6.33 , 1039589
1039592 , 109.1105 ,  -5.7284 , -14.05 ,  14.97 ,  6.93 ,  410 ,  6.37 , 1039589
1050800 , 196.7423 , -49.3137 , -19.24 ,  10.04 ,  9.01 ,  519 ,  7.19 , 1050800
1072340 , 198.0106 , -48.8122 , -16.08 ,  13.09 ,  7.74 ,  504 ,  6.82 , 1050800
1056728 , 198.5366 ,  24.5003 , -18.40 ,  11.49 ,  8.67 ,  557 ,  9.50 , 1056728
1057500 , 198.9174 ,  24.2074 , -17.98 ,  11.66 ,  8.50 ,  502 ,  8.47 , 1056728
1051135 , 283.9236 ,  -0.9397 , -18.93 ,   7.59 ,  8.88 ,  169 ,  2.01 , 1051135
1014030 , 280.8174 ,  -3.8635 , -14.90 ,  10.09 ,  7.27 ,  151 ,  1.00 , 1051135
1055378 ,  53.3299 ,   1.9827 , -18.77 ,  10.59 ,  8.82 ,  771 ,  7.45 , 1055378
1071995 ,  53.8216 ,   2.2771 , -16.01 ,  12.91 ,  7.71 ,  718 ,  6.07 , 1055378
1013983 , 260.9976 ,  35.4542 , -18.23 ,   6.84 ,  8.60 ,  424 ,  1.03 , 1013983
1013972 , 262.4644 ,  29.3268 , -17.34 ,   6.51 ,  8.25 ,  440 ,  0.59 , 1013983
1047740 , 168.2417 ,  74.8971 , -18.53 ,  11.46 ,  8.72 ,  788 ,  9.96 , 1047740
1047741 , 166.9538 ,  74.8499 , -15.86 ,  14.13 ,  7.66 ,  792 ,  9.95 , 1047740
1050967 , 221.5297 ,  29.9988 , -18.48 ,   9.63 ,  8.70 ,  463 ,  4.19 , 1050967
1082068 , 222.4622 ,  29.8192 , -15.16 ,  13.48 ,  7.38 ,  421 ,  5.34 , 1050967
1014020 , 242.9346 , -36.5866 , -17.73 ,   6.37 ,  8.41 ,  131 ,  0.66 , 1014020
1013976 , 242.6192 , -36.3756 , -17.63 ,   7.12 ,  8.36 ,  154 ,  0.89 , 1014020
1048634 ,  20.0050 ,   9.2890 , -18.04 ,  11.52 ,  8.53 ,  797 ,  8.13 , 1048634
1048635 ,  19.8507 ,   9.3509 , -16.72 ,  12.83 ,  8.00 ,  793 ,  8.13 , 1048634
1055398 , 316.2015 , -58.8271 , -18.01 ,   9.60 ,  8.52 ,  167 ,  3.33 , 1055398
1055399 , 317.1866 , -58.8690 , -14.09 ,  13.51 ,  6.95 ,  169 ,  3.31 , 1055398
1013975 , 274.5415 ,  15.6375 , -17.28 ,   7.90 ,  8.23 ,  308 ,  1.09 , 1013975
1014040 , 273.9421 ,  13.1956 , -14.00 ,  10.28 ,  6.91 ,  304 ,  0.72 , 1013975
1013999 , 234.9075 ,  29.4325 , -16.99 ,   8.15 ,  8.11 ,  428 ,  1.07 , 1013999
1086922 , 234.2291 ,  26.7767 , -15.53 ,  12.06 ,  7.52 ,  455 ,  3.30 , 1013999
1032139 , 301.5160 ,  -5.3971 , -16.91 ,  12.33 ,  8.07 ,  551 ,  7.05 , 1032139
1088131 , 301.8852 ,  -5.7583 , -14.30 ,  14.81 ,  7.03 ,  520 ,  6.64 , 1032139
1052376 , 193.1265 ,  28.0977 , -16.62 ,  13.12 ,  7.96 ,  548 ,  8.89 , 1052376
1052377 , 192.7114 ,  28.1193 , -15.17 ,  14.58 ,  7.38 ,  565 ,  8.92 , 1052376
1066772 ,  17.9239 ,   7.5924 , -16.38 ,  10.53 ,  7.87 ,  430 ,  2.41 , 1066772
1066773 ,  18.2391 ,   7.7404 , -14.41 ,  12.51 ,  7.08 ,  389 ,  2.42 , 1066772
1056006 , 182.4888 , -39.0421 , -14.98 ,  13.43 ,  7.31 ,  463 ,  4.81 , 1056006
1056007 , 181.7497 , -39.0481 , -14.98 ,  13.43 ,  7.30 ,  457 ,  4.80 , 1056006
1013964 , 266.5052 , -34.5443 , -18.62 ,   6.93 ,  8.76 ,   15 ,  1.29 , 1013964
1014035 , 264.7574 , -38.8308 , -14.11 ,  11.42 ,  6.96 ,  236 ,  1.28 , 1013964
1051133 , 247.5300 ,  -7.9867 , -17.41 ,  12.28 ,  8.28 ,  663 ,  8.67 , 1051133
1078786 , 247.6485 ,  -7.7042 , -15.64 ,  13.99 ,  7.57 ,  620 ,  8.44 , 1051133
1013945 , 244.3168 ,  21.2588 , -22.19 ,   3.46 , 10.19 ,  307 ,  1.35 , 1013945
1013947 , 220.2556 ,  16.0925 , -22.92 ,   1.98 , 10.48 ,  309 ,  0.96 , 1013947
1013949 , 222.1499 ,  21.5212 , -21.73 ,   2.54 , 10.00 ,   92 ,  0.71 , 1013949
1013954 , 140.0862 , -12.2259 , -22.33 ,  -3.72 , 10.24 , -138 ,  0.05 , 1013954
1013958 , 134.2061 , -22.9358 , -20.84 ,   0.70 ,  9.65 ,  -33 ,  0.20 , 1013958
1013961 , 251.1904 , -14.1702 , -19.94 ,   5.19 ,  9.29 , -274 ,  1.06 , 1013961
1013965 ,  84.4373 ,   1.4936 , -17.43 ,   6.58 ,  8.28 , -186 ,  0.63 , 1013965
1013966 , 259.3861 ,  36.7511 , -17.54 ,   7.30 ,  8.33 ,  331 ,  0.93 , 1013966
1013969 , 246.5477 ,  15.9497 , -17.91 ,   5.06 ,  8.48 ,  550 ,  0.39 , 1013969
1013970 , 168.7766 ,  39.2775 , -17.26 ,   5.44 ,  8.22 ,   17 ,  0.35 , 1013970
1013971 , 115.6644 ,  55.4311 , -15.91 ,   7.92 ,  7.68 , -159 ,  0.58 , 1013971
1013973 , 236.5671 ,  48.0831 , -15.39 ,   8.93 ,  7.47 ,  294 ,  0.73 , 1013973
1013974 , 242.8288 ,  28.2110 , -16.10 ,   8.41 ,  7.75 , -157 ,  0.80 , 1013974
1013984 , 238.5273 ,  37.2895 , -15.10 ,   8.77 ,  7.35 , -157 ,  0.59 , 1013984
1013987 , 244.0737 , -33.7317 , -15.98 ,   7.30 ,  7.70 , -267 ,  0.45 , 1013987
1013988 , 275.6497 ,  20.3040 , -16.60 ,   8.93 ,  7.95 ,  103 ,  1.28 , 1013988
1013990 , 209.4206 ,  25.0434 , -17.06 ,   6.43 ,  8.14 ,  504 ,  0.50 , 1013990
1013991 , 241.4232 ,  53.0550 , -14.06 ,  10.68 ,  6.94 ,  651 ,  0.89 , 1013991
1013992 , 214.6129 ,  40.5565 , -15.64 ,   9.36 ,  7.57 ,  110 ,  1.00 , 1013992
1013996 , 275.7720 , -36.4261 , -14.03 ,  11.26 ,  6.92 ,  553 ,  1.14 , 1013996
1014001 , 206.0686 ,  50.4760 , -16.32 ,   6.79 ,  7.84 , -112 ,  0.42 , 1014001
1014003 , 316.6538 , -53.3412 , -15.56 ,   8.33 ,  7.53 ,  392 ,  0.60 , 1014003
1014004 , 123.7337 , -14.6847 , -17.77 ,   4.90 ,  8.42 ,   -6 ,  0.34 , 1014004
1014005 , 309.7564 ,  10.9103 , -17.30 ,   2.78 ,  8.23 ,  184 ,  0.10 , 1014005
1014007 , 211.2039 , -47.9151 , -17.60 ,   5.77 ,  8.35 ,  170 ,  0.47 , 1014007
1014017 , 243.3733 ,  36.6393 , -15.33 ,  10.01 ,  7.44 ,  236 ,  1.17 , 1014017
1014018 , 244.2948 ,  18.1121 , -14.24 ,  11.69 ,  7.01 ,  331 ,  1.53 , 1014018
1014025 , 209.2642 ,  37.9285 , -15.35 ,   9.57 ,  7.45 ,  140 ,  0.97 , 1014025
1014029 , 343.3742 ,  53.3655 , -14.84 ,   8.33 ,  7.25 ,   66 ,  0.43 , 1014029
1014031 , 221.8631 ,  16.0402 , -15.82 ,   8.74 ,  7.64 ,  200 ,  0.82 , 1014031
1014039 , 209.8380 ,  29.1185 , -15.01 ,   6.65 ,  7.31 ,  -88 ,  0.21 , 1014039
1016708 , 286.5402 , -18.8645 , -20.81 ,   6.34 ,  9.63 ,  976 ,  2.69 , 1016708
1016717 , 284.4162 , -33.4753 , -18.00 ,   9.00 ,  8.51 ,  219 ,  2.52 , 1016717
1030153 , 306.6762 ,  -9.0017 , -18.05 ,  11.33 ,  8.53 ,  612 ,  7.50 , 1030153
1031139 ,  70.6240 , -29.9012 , -22.88 ,   6.51 , 10.46 ,  572 ,  7.54 , 1031139
1032211 , 105.7622 ,  56.3995 , -23.09 ,   5.53 , 10.55 ,  464 ,  5.30 , 1032211
1032620 , 311.4230 , -34.8817 , -23.29 ,   6.47 , 10.63 ,  660 ,  8.92 , 1032620
1032895 , 125.5061 , -47.6635 , -22.62 ,   4.19 , 10.36 ,   89 ,  2.30 , 1032895
1033025 , 240.0032 , -31.2797 , -23.06 ,   6.53 , 10.53 ,  665 ,  8.25 , 1033025
1033372 ,  86.6033 ,  67.8169 , -19.61 ,   7.41 ,  9.16 ,  359 ,  2.53 , 1033372
1033399 , 231.7660 ,  32.6206 , -23.17 ,   6.20 , 10.58 ,  644 ,  7.47 , 1033399
1034080 , 169.6464 , -23.6306 , -22.72 ,   6.55 , 10.40 ,  569 ,  7.14 , 1034080
1034221 , 125.2447 ,  14.4788 , -22.40 ,   6.87 , 10.27 ,  486 ,  7.15 , 1034221
1034879 , 337.2013 , -56.2727 , -22.21 ,   7.21 , 10.19 ,  609 ,  7.63 , 1034879
1035279 , 291.4995 , -60.9918 , -22.24 ,   6.92 , 10.21 ,  478 ,  6.79 , 1035279
1035346 , 131.5847 , -57.8527 , -21.98 ,   3.42 , 10.10 ,  212 ,  1.20 , 1035346
1035347 , 131.1928 , -54.9657 , -15.28 ,  10.52 ,  7.42 ,  347 ,  1.44 , 1035347
1035779 ,  46.6714 ,   7.6885 , -21.75 ,   7.25 , 10.01 ,  701 ,  6.29 , 1035779
1036576 ,  93.6898 ,  44.3054 , -20.28 ,   9.43 ,  9.42 ,  659 ,  8.74 , 1036576
1036577 ,  96.5411 ,  45.0332 , -19.52 ,  10.17 ,  9.12 ,  625 ,  8.66 , 1036577
1036578 ,  95.0872 ,  44.7396 , -15.14 ,  14.58 ,  7.37 ,  641 ,  8.81 , 1036578
1036865 ,  50.2492 , -37.6968 , -22.15 ,   5.09 , 10.17 ,  410 ,  2.81 , 1036865
1036972 ,  91.3874 , -32.6752 , -20.04 ,   7.18 ,  9.33 ,  142 ,  2.78 , 1036972
1037375 ,  11.7400 , -31.9694 , -21.82 ,   8.12 , 10.04 ,  931 ,  9.71 , 1037375
1037493 ,  77.8838 ,   4.4687 , -21.54 ,   7.50 ,  9.93 ,  490 ,  6.43 , 1037493
1038952 , 255.9062 , -47.4077 , -17.30 ,  12.22 ,  8.23 ,  551 ,  8.04 , 1038952
1039943 ,  83.7188 , -31.5184 , -20.56 ,   8.65 ,  9.54 ,  500 ,  6.97 , 1039943
1040048 , 137.4348 , -45.0481 , -20.40 ,   8.85 ,  9.47 ,  577 ,  7.10 , 1040048
1040213 , 248.1919 ,  32.7503 , -20.84 ,   7.52 ,  9.65 ,  562 ,  4.71 , 1040213
1040636 , 297.2793 ,  16.6634 , -20.49 ,   8.75 ,  9.51 ,  668 ,  7.04 , 1040636
1040739 ,  33.1669 ,   7.9448 , -20.51 ,   8.23 ,  9.52 ,  687 ,  5.61 , 1040739
1041075 ,  11.2825 ,  65.7086 , -21.03 ,   3.36 ,  9.72 , -101 ,  0.76 , 1041075
1041845 , 351.8613 , -39.0641 , -20.73 ,   9.01 ,  9.61 ,  801 ,  8.88 , 1041845
1041937 , 202.7785 ,  28.1177 , -20.20 ,   9.57 ,  9.39 ,  507 ,  9.00 , 1041937
1041953 ,  51.7457 ,  69.0645 , -20.42 ,   8.90 ,  9.48 ,  669 ,  7.31 , 1041953
1042141 ,  77.8602 ,  46.0230 , -20.87 ,   9.10 ,  9.66 ,  758 ,  9.87 , 1042141
1042157 ,  71.4737 , -11.7880 , -20.89 ,   7.86 ,  9.67 ,  434 ,  5.61 , 1042157
1042737 , 127.9852 , -45.6125 , -20.43 ,   9.57 ,  9.48 ,  866 ,  9.99 , 1042737
1042765 , 119.2591 ,  42.0393 , -20.11 ,   8.07 ,  9.36 ,  342 ,  4.34 , 1042765
1042775 ,  90.0676 , -44.1562 , -20.49 ,   8.45 ,  9.51 ,  492 ,  6.15 , 1042775
1042783 ,  54.1609 , -33.6251 , -21.11 ,   6.32 ,  9.76 ,  443 ,  3.07 , 1042783
1042845 , 203.1277 ,  73.6877 , -20.17 ,   8.98 ,  9.38 ,  619 ,  6.77 , 1042845
1042900 , 229.9319 ,  41.3503 , -20.69 ,   8.76 ,  9.59 ,  730 ,  7.76 , 1042900
1043276 , 238.3098 ,  30.4099 , -20.03 ,   9.31 ,  9.32 ,  684 ,  7.38 , 1043276
1043693 , 193.2705 ,  23.4102 , -19.84 ,   8.95 ,  9.25 ,  393 ,  5.71 , 1043693
1043930 , 119.1315 ,   9.2186 , -20.44 ,   8.77 ,  9.49 ,  455 ,  6.95 , 1043930
1043997 , 117.2611 ,  12.6601 , -20.03 ,   9.17 ,  9.32 ,  455 ,  6.93 , 1043997
1044093 , 221.5906 ,  37.0242 , -19.92 ,   8.88 ,  9.28 ,  424 ,  5.75 , 1044093
1044320 , 174.2476 , -28.5145 , -20.37 ,   9.56 ,  9.46 ,  778 ,  9.69 , 1044320
1044370 , 246.3179 ,  27.4397 , -20.24 ,   8.31 ,  9.41 ,  550 ,  5.13 , 1044370
1044452 ,  67.0313 ,  35.1502 , -20.62 ,   9.13 ,  9.56 ,  697 ,  8.93 , 1044452
1044580 , 163.8944 , -22.8194 , -20.04 ,   8.14 ,  9.33 ,  414 ,  4.32 , 1044580
1044645 , 247.9361 ,  50.2007 , -20.62 ,   8.96 ,  9.56 ,  729 ,  8.21 , 1044645
1045044 , 222.8286 , -50.8861 , -19.63 ,   9.81 ,  9.16 ,  549 ,  7.75 , 1045044
1045047 ,  79.4125 ,  16.2297 , -20.00 ,   9.31 ,  9.31 ,  554 ,  7.29 , 1045047
1045115 , 108.8303 ,  45.0621 , -20.50 ,   9.15 ,  9.51 ,  605 ,  8.49 , 1045115
1045201 ,  59.8421 , -25.4117 , -20.06 ,   5.89 ,  9.34 ,   14 ,  1.55 , 1045201
1045211 , 215.7913 ,  27.1236 , -19.77 ,   8.54 ,  9.22 ,  487 ,  4.57 , 1045211
1045499 , 213.8736 ,  23.6161 , -20.17 ,   7.75 ,  9.38 ,  457 ,  3.84 , 1045499
1045557 , 123.0548 , -46.9374 , -20.11 ,   8.21 ,  9.35 ,  310 ,  4.61 , 1045557
1045588 , 136.2708 , -40.1080 , -19.53 ,  10.05 ,  9.12 ,  693 ,  8.26 , 1045588
1045626 , 205.6498 ,  29.7218 , -19.79 ,   8.78 ,  9.23 ,  370 ,  5.16 , 1045626
1045846 , 237.8103 , -42.1706 , -20.24 ,   8.94 ,  9.41 ,  533 ,  6.87 , 1045846
1046052 , 186.3023 ,  14.2651 , -19.76 ,   9.75 ,  9.22 ,  513 ,  7.97 , 1046052
1046176 , 304.0910 ,  -5.5979 , -20.14 ,   8.56 ,  9.37 ,  522 ,  5.49 , 1046176
1047027 , 131.1780 ,  21.3964 , -19.04 ,  10.42 ,  8.93 ,  515 ,  7.81 , 1047027
1047269 ,  59.2447 , -29.2572 , -20.19 ,   8.87 ,  9.39 ,  616 ,  6.49 , 1047269
1047342 ,   3.1505 , -52.0778 , -19.50 ,  10.29 ,  9.11 ,  726 ,  9.08 , 1047342
1047356 ,   4.8297 ,  13.7785 , -19.52 ,   9.04 ,  9.12 ,  593 ,  5.14 , 1047356
1047677 , 336.4040 ,  31.2755 , -18.13 ,  11.65 ,  8.56 ,  749 ,  9.02 , 1047677
1047746 , 296.0909 ,  37.1489 , -19.89 ,   9.89 ,  9.27 ,  738 ,  9.03 , 1047746
1047844 , 199.1438 ,  26.9038 , -19.24 ,   9.56 ,  9.01 ,  400 ,  5.75 , 1047844
1048123 ,  60.6508 ,  -1.5570 , -19.72 ,   8.58 ,  9.20 ,  685 ,  4.57 , 1048123
1048252 , 188.2235 ,  12.8347 , -18.75 ,  10.17 ,  8.81 ,  412 ,  6.08 , 1048252
1048317 , 311.2531 , -16.4937 , -18.97 ,  10.31 ,  8.90 ,  551 ,  7.21 , 1048317
1048460 , 349.9925 , -30.6348 , -19.50 ,  10.01 ,  9.11 ,  733 ,  7.95 , 1048460
1048651 ,  73.6851 , -41.2034 , -19.71 ,   9.20 ,  9.20 ,  481 ,  6.07 , 1048651
1048705 , 211.8062 ,  31.0349 , -19.38 ,  10.45 ,  9.06 ,  474 ,  9.23 , 1048705
1048965 , 187.3734 ,   9.2714 , -18.95 ,  10.91 ,  8.89 ,  653 ,  9.38 , 1048965
1049013 , 313.2287 ,  30.5344 , -17.67 ,  12.04 ,  8.38 ,  716 ,  8.73 , 1049013
1049077 , 234.4639 , -48.1937 , -19.47 ,   9.43 ,  9.10 ,  395 ,  6.03 , 1049077
1049087 , 180.5696 , -34.7247 , -19.33 ,   8.76 ,  9.04 ,  400 ,  4.16 , 1049087
1049305 , 169.9016 , -21.1446 , -18.80 ,  10.84 ,  8.83 ,  639 ,  8.46 , 1049305
1049306 , 170.0726 , -20.2356 , -17.38 ,  12.27 ,  8.27 ,  609 ,  8.54 , 1049306
1049399 ,  65.0754 , -29.7655 , -19.62 ,   9.95 ,  9.16 ,  619 ,  8.18 , 1049399
1049604 ,  57.4021 ,  -1.9634 , -17.59 ,  10.57 ,  8.35 ,  480 ,  4.28 , 1049604
1049605 ,  57.5352 ,  -4.1257 , -16.83 ,  11.34 ,  8.04 ,  478 ,  4.31 , 1049605
1049650 , 155.1178 ,  44.5830 , -18.85 ,  10.91 ,  8.85 ,  676 ,  8.98 , 1049650
1049674 , 325.6527 , -59.1065 , -19.46 ,   9.75 ,  9.10 ,  524 ,  6.94 , 1049674
1049736 , 216.8552 ,  33.4692 , -19.24 ,  10.36 ,  9.01 ,  527 ,  8.32 , 1049736
1050158 , 259.2772 , -54.7242 , -19.57 ,   8.87 ,  9.14 ,  367 ,  4.89 , 1050158
1050390 , 324.2923 , -38.9488 , -19.12 ,  10.64 ,  8.96 ,  708 ,  8.96 , 1050390
1050399 , 328.3279 , -46.7515 , -19.36 ,  10.17 ,  9.05 ,  662 ,  8.04 , 1050399
1050518 , 220.9079 ,  32.1380 , -18.66 ,  10.39 ,  8.78 ,  465 ,  6.45 , 1050518
1050565 ,  51.6530 , -11.2797 , -19.08 ,   8.11 ,  8.95 ,  241 ,  2.75 , 1050565
1050593 ,  80.1255 , -13.6940 , -19.12 ,   8.71 ,  8.96 ,  530 ,  3.67 , 1050593
1050613 ,  76.6506 , -45.0000 , -19.90 ,   9.82 ,  9.27 ,  785 ,  8.80 , 1050613
1050848 , 214.1792 ,  31.1586 , -19.31 ,  10.01 ,  9.03 ,  519 ,  7.30 , 1050848
1050851 , 329.3418 , -48.4415 , -18.92 ,  10.64 ,  8.88 ,  657 ,  8.16 , 1050851
1051049 ,  53.0917 ,  30.9816 , -18.92 ,   9.36 ,  8.88 ,  601 ,  4.52 , 1051049
1051395 ,  56.7071 ,  37.2171 , -19.03 ,  10.21 ,  8.92 ,  692 ,  7.02 , 1051395
1051434 , 113.2820 ,  23.6618 , -18.69 ,  11.12 ,  8.79 ,  600 ,  9.19 , 1051434
1051532 ,  60.8484 ,  31.1545 , -19.16 ,  10.63 ,  8.98 ,  720 ,  9.11 , 1051532
1051547 , 265.3916 ,  36.8048 , -17.40 ,  11.80 ,  8.27 ,  674 ,  6.92 , 1051547
1051548 , 265.6234 ,  35.9251 , -15.18 ,  14.00 ,  7.38 ,  644 ,  6.85 , 1051548
1051747 , 327.6932 ,  42.4583 , -18.92 ,  10.66 ,  8.88 ,  707 ,  8.25 , 1051747
1052123 , 205.4958 ,  30.9871 , -19.75 ,  10.11 ,  9.21 ,  512 ,  9.40 , 1052123
1052260 ,  72.7572 ,   2.1306 , -18.32 ,   7.97 ,  8.64 ,   52 ,  1.81 , 1052260
1052411 ,  87.4122 ,  17.8349 , -18.01 ,  11.18 ,  8.52 ,  488 ,  6.87 , 1052411
1052419 , 129.8358 , -43.1273 , -18.64 ,  11.18 ,  8.77 ,  792 ,  9.20 , 1052419
1052453 ,   3.2140 , -41.9552 , -17.79 ,  12.14 ,  8.43 ,  892 ,  9.69 , 1052453
1052486 , 308.6622 ,  40.8175 , -17.83 ,  12.05 ,  8.45 ,  762 ,  9.49 , 1052486
1052699 , 210.6018 ,  31.1374 , -18.06 ,  11.80 ,  8.54 ,  804 ,  9.38 , 1052699
1052738 ,  51.6778 ,   1.7327 , -17.88 ,  11.56 ,  8.46 ,  693 ,  7.73 , 1052738
1053416 , 160.0654 , -37.8454 , -18.08 ,   9.98 ,  8.54 ,  308 ,  4.10 , 1053416
1053497 , 106.6375 ,  47.8414 , -18.88 ,   9.74 ,  8.86 ,  400 ,  5.29 , 1053497
1053651 , 165.6497 ,  85.7820 , -17.94 ,  11.21 ,  8.49 ,  688 ,  6.76 , 1053651
1053787 ,  49.5682 , -18.5370 , -17.50 ,  10.37 ,  8.31 ,  431 ,  3.75 , 1053787
1053792 ,  80.2401 ,  10.3360 , -17.94 ,  11.19 ,  8.49 ,  509 ,  6.71 , 1053792
1053844 , 307.5576 ,  69.5618 , -18.40 ,  10.05 ,  8.67 ,  553 ,  4.90 , 1053844
1054322 , 203.4675 ,  29.7094 , -18.42 ,  11.47 ,  8.68 ,  529 ,  9.51 , 1054322
1054742 ,  62.7141 ,  45.5622 , -17.37 ,  11.68 ,  8.26 ,  605 ,  6.47 , 1054742
1055061 , 141.7072 ,  33.0760 , -17.76 ,  11.90 ,  8.42 ,  573 ,  8.58 , 1055061
1055222 ,  10.6954 ,  -6.7834 , -18.12 ,   9.99 ,  8.56 ,  503 ,  4.18 , 1055222
1055410 , 335.8124 ,  19.7676 , -18.73 ,   8.56 ,  8.80 ,  386 ,  2.87 , 1055410
1055435 ,  81.7430 ,  44.6970 , -17.23 ,  12.58 ,  8.20 ,  692 ,  9.14 , 1055435
1055452 ,  49.9269 , -16.8614 , -15.66 ,  12.99 ,  7.58 ,  816 ,  5.38 , 1055452
1055709 , 172.6838 , -20.9364 , -16.86 ,  12.76 ,  8.05 ,  651 ,  8.38 , 1055709
1055710 , 171.7257 , -20.8879 , -14.61 ,  15.00 ,  7.16 ,  664 ,  8.36 , 1055710
1055892 , 268.8648 ,  40.1275 , -17.30 ,  12.46 ,  8.23 ,  768 ,  8.95 , 1055892
1055945 , 158.6835 ,  53.7507 , -17.69 ,  11.93 ,  8.39 ,  643 ,  8.42 , 1055945
1055958 ,  52.2422 ,  29.3578 , -18.41 ,  10.91 ,  8.68 ,  748 ,  7.32 , 1055958
1056132 ,  64.5472 , -41.2399 , -17.70 ,  12.28 ,  8.39 ,  944 ,  9.92 , 1056132
1056223 ,  45.7632 ,   2.5373 , -18.22 ,  11.71 ,  8.60 ,  858 ,  9.66 , 1056223
1056294 , 190.0377 ,  18.1443 , -17.55 ,  11.94 ,  8.33 ,  540 ,  7.88 , 1056294
1056874 , 186.1842 ,   8.7254 , -16.18 ,  13.70 ,  7.78 ,  594 ,  9.45 , 1056874
1057112 , 173.6994 ,  58.3815 , -17.59 ,   9.58 ,  8.35 ,  357 ,  2.71 , 1057112
1057276 , 281.3313 ,  63.4694 , -17.78 ,   7.26 ,  8.42 ,  455 ,  1.02 , 1057276
1057414 , 169.9620 , -26.6696 , -17.81 ,  11.77 ,  8.44 ,  623 ,  8.26 , 1057414
1057490 , 306.5064 , -15.1115 , -17.84 ,  11.04 ,  8.45 ,  464 ,  5.95 , 1057490
1057637 ,  80.0727 ,  20.8918 , -16.80 ,  12.95 ,  8.03 ,  607 ,  8.91 , 1057637
1057780 , 123.4735 ,  63.0879 , -17.70 ,   9.39 ,  8.39 ,  408 ,  2.61 , 1057780
1057796 , 287.8274 ,  21.3054 , -17.90 ,   9.24 ,  8.47 ,  540 ,  2.68 , 1057796
1058040 ,  79.9382 , -36.4218 , -18.07 ,  10.27 ,  8.54 ,  319 ,  4.65 , 1058040
1058328 , 102.7655 , -38.7953 , -17.32 ,  12.04 ,  8.24 ,  600 ,  7.46 , 1058328
1058481 , 258.1274 ,  60.8164 , -18.86 ,   6.38 ,  8.86 ,  277 ,  1.11 , 1058481
1058537 ,   1.3212 , -44.0322 , -18.02 ,  11.89 ,  8.52 ,  897 ,  9.58 , 1058537
1058565 ,  53.5432 , -25.7268 , -17.26 ,  10.95 ,  8.22 ,  674 ,  4.39 , 1058565
1058592 , 191.0502 ,  15.0832 , -18.01 ,  11.25 ,  8.52 ,  454 ,  7.11 , 1058592
1058724 , 216.3695 ,  24.6453 , -17.78 ,  10.21 ,  8.42 ,  483 ,  3.95 , 1058724
1058764 , 332.5961 ,  31.9670 , -16.35 ,  13.33 ,  7.85 ,  723 ,  8.65 , 1058764
1058795 , 254.5896 , -40.2042 , -16.32 ,  13.37 ,  7.84 ,  694 ,  8.70 , 1058795
1058818 ,  60.0268 ,  -5.2666 , -18.66 ,   9.86 ,  8.78 ,  628 ,  5.07 , 1058818
1058910 , 233.7004 , -52.5033 , -17.28 ,  12.07 ,  8.22 ,  471 ,  7.43 , 1058910
1059005 ,  51.5840 ,  31.9522 , -17.11 ,  12.87 ,  8.16 ,  951 ,  9.91 , 1059005
1059095 , 212.7870 ,  43.3206 , -17.19 ,  12.78 ,  8.19 ,  796 ,  9.85 , 1059095
1059105 ,  84.7243 , -34.7624 , -18.03 ,  10.29 ,  8.52 ,  331 ,  4.60 , 1059105
1059130 , 301.3475 ,  35.5932 , -16.23 ,  13.32 ,  7.80 ,  697 ,  8.13 , 1059130
1059171 , 207.1391 ,  31.9006 , -17.54 ,  12.38 ,  8.33 ,  747 ,  9.62 , 1059171
1059295 , 300.1044 ,  -4.3224 , -17.88 ,  11.59 ,  8.46 ,  704 ,  7.82 , 1059295
1059479 , 222.9812 ,  28.0382 , -17.75 ,  10.49 ,  8.41 ,  406 ,  4.46 , 1059479
1059663 , 227.1841 ,  45.8505 , -17.09 ,  12.29 ,  8.15 ,  685 ,  7.51 , 1059663
1059874 , 176.1400 , -26.7032 , -17.63 ,  11.41 ,  8.37 ,  549 ,  6.43 , 1059874
1060035 , 247.0827 ,  37.6813 , -17.16 ,  11.77 ,  8.18 ,  637 ,  6.11 , 1060035
1060195 , 170.0852 , -34.7215 , -17.66 ,  10.69 ,  8.38 ,  292 ,  4.69 , 1060195
1060211 ,  94.6437 ,  85.7637 , -17.36 ,  12.48 ,  8.25 ,  799 ,  9.26 , 1060211
1061108 ,  62.4963 , -25.6174 , -18.18 ,  11.79 ,  8.59 ,  983 ,  9.87 , 1061108
1061215 , 295.2407 ,   1.9089 , -17.79 ,  12.19 ,  8.43 ,  803 ,  9.91 , 1061215
1061241 ,  51.7747 , -39.2302 , -16.64 ,  13.30 ,  7.97 ,  947 ,  9.72 , 1061241
1061413 , 353.4863 ,  60.8395 , -16.15 ,  13.10 ,  7.77 ,  682 ,  7.09 , 1061413
1061432 , 171.9256 , -33.1894 , -17.84 ,  10.36 ,  8.45 ,  373 ,  4.36 , 1061432
1061530 , 209.8763 ,  51.9179 , -15.75 ,  12.19 ,  7.61 ,  394 ,  3.86 , 1061530
1061777 , 215.9377 ,  32.5168 , -16.88 ,  12.85 ,  8.06 ,  787 ,  8.82 , 1061777
1061802 , 133.9122 , -43.2076 , -16.72 ,  12.83 ,  8.00 ,  702 ,  8.14 , 1061802
1061849 , 173.8149 , -18.2337 , -17.66 ,  12.28 ,  8.38 ,  680 ,  9.72 , 1061849
1062042 ,  69.0784 ,  11.6465 , -17.37 ,  10.69 ,  8.26 ,  406 ,  4.08 , 1062042
1062307 , 211.5061 ,  23.8126 , -17.95 ,   9.48 ,  8.49 ,  507 ,  3.05 , 1062307
1062308 , 289.7186 ,  17.0469 , -17.20 ,  12.11 ,  8.19 ,  684 ,  7.29 , 1062308
1062515 , 294.7848 ,  13.5716 , -16.24 ,  12.61 ,  7.81 ,  615 ,  5.89 , 1062515
1062549 ,  73.6134 , -36.5070 , -17.58 ,  12.16 ,  8.34 ,  658 ,  8.88 , 1062549
1062763 , 213.6694 ,  31.9171 , -17.72 ,  12.18 ,  8.40 ,  726 ,  9.57 , 1062763
1063118 , 221.5009 ,  37.9254 , -16.42 ,  12.98 ,  7.88 ,  726 ,  7.58 , 1063118
1063262 , 128.7957 ,  -1.0755 , -16.82 ,  12.48 ,  8.04 ,  494 ,  7.23 , 1063262
1063273 , 308.8362 ,  -9.4576 , -17.42 ,  11.93 ,  8.28 ,  629 ,  7.41 , 1063273
1063371 , 160.9342 , -33.9755 , -17.09 ,  10.78 ,  8.15 ,  318 ,  3.75 , 1063371
1063380 , 349.1573 , -53.1604 , -17.13 ,  12.57 ,  8.16 ,  759 ,  8.69 , 1063380
1063385 , 349.8811 , -17.5141 , -16.70 ,  13.26 ,  7.99 ,  880 ,  9.82 , 1063385
1063457 , 309.9467 , -57.3231 , -17.10 ,  11.56 ,  8.15 ,  398 ,  5.40 , 1063457
1063881 ,  54.9615 ,  -7.6085 , -17.40 ,  12.30 ,  8.27 ,  667 ,  8.69 , 1063881
1063923 ,  52.2247 ,  25.2323 , -16.33 ,  13.64 ,  7.84 ,  842 ,  9.84 , 1063923
1064065 ,  50.3311 ,  13.1887 , -16.52 ,  13.09 ,  7.92 ,  696 ,  8.33 , 1064065
1064134 , 106.1425 , -39.5058 , -16.09 ,  13.73 ,  7.75 ,  672 ,  9.19 , 1064134
1064175 , 259.6201 , -46.0453 , -17.17 ,  12.83 ,  8.18 ,  679 ,  9.97 , 1064175
1064283 ,  67.2662 ,  81.5822 , -17.05 ,  12.64 ,  8.13 ,  752 ,  8.67 , 1064283
1064450 , 197.1366 ,  -1.6891 , -16.24 ,  13.13 ,  7.81 ,  578 ,  7.49 , 1064450
1064535 ,  16.6623 , -33.1069 , -15.90 ,  13.92 ,  7.67 ,  895 ,  9.21 , 1064535
1065171 ,  57.4652 ,  41.7520 , -16.00 ,  13.74 ,  7.71 ,  777 ,  8.86 , 1065171
1065222 , 229.8385 ,  39.7539 , -16.93 ,  11.66 ,  8.09 ,  577 ,  5.22 , 1065222
1065296 ,  82.9690 ,  29.1978 , -15.29 ,  14.36 ,  7.43 ,  622 ,  8.53 , 1065296
1065308 , 171.1461 , -26.2115 , -14.29 ,  15.63 ,  7.03 ,  735 ,  9.66 , 1065308
1065339 , 142.6966 ,  36.6064 , -16.16 ,  13.60 ,  7.78 ,  612 ,  8.94 , 1065339
1065364 ,  12.6974 , -36.9321 , -15.94 ,  13.96 ,  7.69 ,  907 ,  9.56 , 1065364
1065482 , 297.2893 ,  36.8002 , -15.45 ,  14.46 ,  7.49 ,  775 ,  9.62 , 1065482
1065585 ,  49.9897 , -29.0012 , -16.04 ,  11.16 ,  7.73 ,  364 ,  2.75 , 1065585
1065621 , 173.9783 , -14.9774 , -16.63 ,  13.09 ,  7.96 ,  683 ,  8.78 , 1065621
1065766 , 197.8533 ,  54.3682 , -16.36 ,  11.63 ,  7.85 ,  420 ,  3.96 , 1065766
1065902 ,  48.3989 ,  10.3660 , -17.33 ,  11.69 ,  8.24 ,  725 ,  6.37 , 1065902
1065936 , 168.5266 , -20.2762 , -16.29 ,  12.99 ,  7.83 ,  504 ,  7.16 , 1065936
1065999 ,  68.1587 , -28.4441 , -16.96 ,  12.41 ,  8.10 ,  679 ,  7.47 , 1065999
1066004 , 317.5352 , -14.9964 , -17.14 ,  12.27 ,  8.17 ,  543 ,  7.62 , 1066004
1066370 , 310.2539 , -13.3160 , -17.06 ,  10.99 ,  8.14 ,  542 ,  4.08 , 1066370
1066638 , 312.1535 , -44.5334 , -16.53 ,  12.56 ,  7.92 ,  534 ,  6.58 , 1066638
1066645 , 224.4624 ,  47.4453 , -16.82 ,  12.22 ,  8.04 ,  508 ,  6.41 , 1066645
1066650 , 165.9130 , -28.3645 , -17.03 ,  12.18 ,  8.13 ,  475 ,  6.96 , 1066650
1066740 , 330.2566 ,  32.1439 , -16.07 ,   8.15 ,  7.74 ,  374 ,  0.70 , 1066740
1066811 ,  63.3836 ,  -1.6605 , -16.67 ,  12.65 ,  7.98 ,  581 ,  7.31 , 1066811
1066890 , 239.7579 , -24.3326 , -17.64 ,  12.29 ,  8.37 ,  730 ,  9.69 , 1066890
1066986 , 126.0984 , -23.1338 , -16.31 ,  13.60 ,  7.84 ,  697 ,  9.60 , 1066986
1066992 ,  56.3659 ,  14.1405 , -16.81 ,  13.19 ,  8.04 ,  745 ,  9.99 , 1066992
1067071 ,  70.0281 ,  10.8607 , -15.76 ,  13.82 ,  7.61 ,  582 ,  8.23 , 1067071
1067083 ,  26.3271 , -10.3511 , -15.72 ,  13.45 ,  7.60 ,  724 ,  6.83 , 1067083
1067319 ,  92.9041 , -25.0984 , -17.36 ,  11.70 ,  8.26 ,  464 ,  6.50 , 1067319
1067327 , 158.2758 ,  42.5514 , -15.90 ,  13.98 ,  7.67 ,  703 ,  9.49 , 1067327
1067450 , 126.6663 , -44.6259 , -15.78 ,  13.35 ,  7.63 ,  539 ,  6.71 , 1067450
1067456 ,  52.0959 , -29.8840 , -15.95 ,  13.86 ,  7.69 ,  964 ,  9.18 , 1067456
1067972 , 306.6900 , -55.8316 , -16.39 ,  11.95 ,  7.87 ,  356 ,  4.64 , 1067972
1068155 , 240.7397 ,  41.6584 , -17.18 ,  11.86 ,  8.18 ,  672 ,  6.41 , 1068155
1068270 , 216.0052 ,  30.9052 , -17.44 ,  12.40 ,  8.29 ,  665 ,  9.27 , 1068270
1068418 , 172.0037 , -13.5859 , -15.99 ,  14.01 ,  7.71 ,  738 ,  9.97 , 1068418
1068647 , 270.4035 ,  40.1054 , -16.22 ,  13.16 ,  7.80 ,  683 ,  7.51 , 1068647
1068854 ,  28.5252 ,   8.2773 , -16.35 ,  13.15 ,  7.85 ,  835 ,  7.94 , 1068854
1068871 , 208.0921 ,  64.4191 , -16.55 ,  12.83 ,  7.93 ,  684 ,  7.49 , 1068871
1068926 , 133.0979 ,  -4.6958 , -15.23 ,  14.23 ,  7.40 ,  541 ,  7.78 , 1068926
1069085 ,  59.9520 ,  -0.0278 , -16.31 ,  13.67 ,  7.84 ,  714 ,  9.88 , 1069085
1069105 ,  24.1183 ,  61.5553 , -15.37 ,  14.61 ,  7.46 ,  849 ,  9.92 , 1069105
1069240 ,  76.0063 , -30.5951 , -16.89 ,  12.40 ,  8.07 ,  541 ,  7.21 , 1069240
1069355 , 170.6497 , -20.4424 , -16.18 ,  13.12 ,  7.78 ,  550 ,  7.22 , 1069355
1069433 , 207.3679 ,  34.8795 , -16.91 ,  12.94 ,  8.08 ,  691 ,  9.34 , 1069433
1069479 , 321.6916 , -26.9078 , -16.19 ,  12.42 ,  7.79 ,  448 ,  5.29 , 1069479
1069513 , 172.5247 , -24.5283 , -16.01 ,  13.67 ,  7.72 ,  705 ,  8.62 , 1069513
1069669 , 314.4558 , -42.9420 , -15.18 ,  14.15 ,  7.38 ,  592 ,  7.36 , 1069669
1070113 , 173.3085 , -30.6518 , -14.82 ,  13.99 ,  7.24 ,  429 ,  5.78 , 1070113
1070155 , 171.6404 , -28.2505 , -15.75 ,  13.71 ,  7.61 ,  643 ,  7.80 , 1070155
1070244 , 250.4643 ,  26.0154 , -15.36 ,  12.71 ,  7.46 ,  481 ,  4.11 , 1070244
1070278 , 172.6652 , -37.6499 , -16.45 ,  12.40 ,  7.89 ,  402 ,  5.89 , 1070278
1070300 ,  47.4122 ,   7.0455 , -16.71 ,  13.25 ,  8.00 ,  936 ,  9.83 , 1070300
1070342 ,  50.6882 ,  -1.8160 , -16.37 ,  13.39 ,  7.86 ,  766 ,  8.94 , 1070342
1070680 , 322.0331 ,  -5.0930 , -14.32 ,  14.93 ,  7.04 ,  624 ,  7.08 , 1070680
1070883 ,  46.8514 ,   3.8186 , -16.06 ,  13.80 ,  7.74 ,  824 ,  9.37 , 1070883
1071412 , 304.6372 , -25.5301 , -15.34 ,  14.66 ,  7.45 ,  691 ,  9.99 , 1071412
1071414 ,  55.7456 ,  37.0891 , -15.20 ,  14.31 ,  7.39 ,  742 ,  8.01 , 1071414
1071454 , 216.8302 ,  32.1897 , -17.25 ,  10.30 ,  8.21 ,  459 ,  3.24 , 1071454
1071559 , 150.2702 , -43.8731 , -14.43 ,  12.53 ,  7.09 ,  147 ,  2.47 , 1071559
1071618 ,  78.3719 , -33.0734 , -15.94 ,  12.03 ,  7.69 ,  225 ,  3.92 , 1071618
1071633 , 306.6482 , -12.4531 , -16.75 ,  12.87 ,  8.01 ,  675 ,  8.39 , 1071633
1071723 , 324.2645 ,  40.9073 , -15.74 ,  13.65 ,  7.61 ,  666 ,  7.53 , 1071723
1071975 ,  94.7174 ,  36.9493 , -15.51 ,  12.79 ,  7.52 ,  376 ,  4.58 , 1071975
1072031 , 137.0634 , -43.0829 , -16.55 ,  10.58 ,  7.93 ,  119 ,  2.66 , 1072031
1072076 ,  74.4177 , -24.0447 , -17.32 ,  10.73 ,  8.24 ,  521 ,  4.07 , 1072076
1072143 , 343.2147 , -65.1741 , -15.58 ,  12.32 ,  7.54 ,  240 ,  3.79 , 1072143
1072170 , 263.1681 , -56.1951 , -16.09 ,  12.86 ,  7.75 ,  363 ,  6.15 , 1072170
1072374 ,  87.7092 , -48.7466 , -16.33 ,  13.52 ,  7.84 ,  868 ,  9.34 , 1072374
1072490 , 230.6560 ,  24.9900 , -16.30 ,  11.52 ,  7.83 ,  379 ,  3.67 , 1072490
1072572 ,  62.7555 ,   1.1148 , -15.84 ,  13.87 ,  7.65 ,  596 ,  8.77 , 1072572
1072734 ,  68.7386 , -24.2156 , -17.49 ,  12.21 ,  8.31 ,  702 ,  8.71 , 1072734
1072751 ,  14.2592 , -33.1266 , -15.77 ,  14.18 ,  7.62 ,  912 ,  9.74 , 1072751
1072879 ,  77.8165 , -16.4851 , -16.21 ,  12.82 ,  7.79 ,  466 ,  6.40 , 1072879
1072990 ,  19.9245 ,   8.3012 , -16.19 ,  10.89 ,  7.79 ,  439 ,  2.61 , 1072990
1073089 ,  16.8419 , -40.2174 , -14.37 ,  15.04 ,  7.06 ,  716 ,  7.63 , 1073089
1073172 ,  89.1700 , -32.5609 , -15.21 ,  14.11 ,  7.40 ,  538 ,  7.30 , 1073172
1073275 , 149.7661 , -28.7937 , -16.32 ,  11.22 ,  7.84 ,  272 ,  3.22 , 1073275
1073677 , 211.0423 ,  47.7401 , -14.97 ,  14.78 ,  7.30 ,  740 ,  8.90 , 1073677
1073698 , 215.3291 ,  35.0443 , -16.15 ,  13.40 ,  7.77 ,  632 ,  8.14 , 1073698
1073816 ,   0.7654 ,  59.7591 , -15.49 ,  13.77 ,  7.51 ,  677 ,  7.12 , 1073816
1074139 , 151.5399 ,  -9.7087 , -16.65 ,   7.91 ,  7.97 ,   89 ,  0.81 , 1074139
1074238 , 352.9727 , -57.6348 , -16.14 ,  13.61 ,  7.77 ,  803 ,  8.92 , 1074238
1074349 ,  22.5251 , -32.3856 , -14.92 ,  14.43 ,  7.28 ,  748 ,  7.41 , 1074349
1074544 , 308.2958 , -57.1032 , -16.08 ,  12.89 ,  7.74 ,  502 ,  6.22 , 1074544
1074686 , 218.7108 ,  36.8867 , -15.86 ,  13.17 ,  7.66 ,  484 ,  6.40 , 1074686
1074740 , 212.0825 ,  41.2540 , -15.42 ,  14.03 ,  7.48 ,  600 ,  7.77 , 1074740
1074840 , 331.8549 ,  12.9415 , -16.02 ,  10.31 ,  7.72 ,  400 ,  1.84 , 1074840
1074960 , 320.3019 ,  53.5536 , -15.38 ,  13.29 ,  7.46 ,  581 ,  5.42 , 1074960
1075047 , 244.2688 ,  49.1825 , -14.69 ,  15.06 ,  7.19 ,  774 ,  8.92 , 1075047
1075108 , 295.3825 ,  21.8492 , -14.93 ,  14.64 ,  7.28 ,  718 ,  8.22 , 1075108
1075251 ,  53.1938 ,  29.8690 , -15.26 ,  13.52 ,  7.42 ,  703 ,  5.71 , 1075251
1075452 , 106.5182 ,  77.7274 , -14.30 ,  15.32 ,  7.03 ,  681 ,  8.38 , 1075452
1075523 , 327.2710 , -39.0366 , -15.67 ,  14.13 ,  7.58 ,  732 ,  9.14 , 1075523
1075719 , 317.8594 ,  42.6330 , -14.76 ,  15.09 ,  7.22 ,  757 ,  9.32 , 1075719
1075732 , 236.0987 , -34.0709 , -15.38 ,  14.38 ,  7.46 ,  641 ,  8.94 , 1075732
1075739 , 252.0785 ,  40.5766 , -14.25 ,  14.92 ,  7.01 ,  685 ,  6.83 , 1075739
1075837 ,  75.6006 ,  44.2178 , -15.62 ,  14.35 ,  7.56 ,  746 ,  9.88 , 1075837
1075838 , 203.0836 ,  57.0364 , -14.38 ,  15.44 ,  7.06 ,  721 ,  9.18 , 1075838
1076006 , 145.9082 , -58.1366 , -17.80 ,   6.76 ,  8.43 ,  -43 ,  0.81 , 1076006
1076019 , 187.6586 ,  15.4199 , -14.89 ,  13.33 ,  7.27 ,  342 ,  4.42 , 1076019
1076093 , 234.5653 ,  34.0739 , -14.85 ,  14.22 ,  7.25 ,  592 ,  6.51 , 1076093
1076340 , 290.2914 ,  10.9897 , -14.99 ,  13.96 ,  7.31 ,  645 ,  6.18 , 1076340
1076542 , 356.7091 , -41.0632 , -15.83 ,  13.99 ,  7.64 ,  838 ,  9.20 , 1076542
1076638 , 249.2693 , -41.8212 , -15.97 ,  13.20 ,  7.70 ,  623 ,  6.83 , 1076638
1076698 , 152.7251 , -43.1843 , -14.19 ,  12.55 ,  6.99 ,  130 ,  2.22 , 1076698
1076736 , 125.9902 , -38.0584 , -15.11 ,  11.29 ,  7.35 ,  120 ,  1.90 , 1076736
1076843 , 311.8717 , -23.0743 , -15.39 ,  13.03 ,  7.47 ,  403 ,  4.81 , 1076843
1076918 ,  60.3412 , -34.0466 , -15.54 ,  14.17 ,  7.53 ,  723 ,  8.76 , 1076918
1077224 , 297.0782 ,  -4.1071 , -16.30 ,  12.52 ,  7.83 ,  521 ,  5.81 , 1077224
1077475 , 340.6569 , -28.9696 , -14.70 ,  14.95 ,  7.19 ,  710 ,  8.48 , 1077475
1077604 , 310.7810 ,  -4.0540 , -16.42 ,  12.11 ,  7.88 ,  522 ,  5.09 , 1077604
1077686 ,   1.0916 , -19.6737 , -14.30 ,  15.26 ,  7.03 ,  791 ,  8.14 , 1077686
1077742 , 171.3751 , -48.4945 , -15.05 ,  14.57 ,  7.33 ,  653 ,  8.40 , 1077742
1077753 , 111.4414 ,  45.1250 , -14.42 ,  14.81 ,  7.08 ,  522 ,  7.01 , 1077753
1077852 ,  46.6450 , -41.5514 , -14.64 ,  14.97 ,  7.17 ,  810 ,  8.36 , 1077852
1077925 , 341.2086 ,  18.0109 , -15.87 ,  12.18 ,  7.66 ,  500 ,  4.07 , 1077925
1077957 , 168.9066 , -51.0354 , -15.38 ,  14.47 ,  7.46 ,  763 ,  9.34 , 1077957
1078081 , 128.1138 , -13.8945 , -14.45 ,  15.49 ,  7.09 ,  692 ,  9.73 , 1078081
1078093 , 282.0712 ,  28.3181 , -14.68 ,  14.82 ,  7.18 ,  704 ,  7.94 , 1078093
1078196 ,  75.7062 , -18.8405 , -15.89 ,  13.19 ,  7.67 ,  459 ,  6.56 , 1078196
1078223 , 226.9669 , -50.4072 , -14.41 ,  15.03 ,  7.08 ,  550 ,  7.74 , 1078223
1078255 , 146.8043 ,  39.3001 , -14.91 ,  12.90 ,  7.28 ,  290 ,  3.65 , 1078255
1078456 , 256.4603 , -54.3485 , -15.59 ,  13.51 ,  7.55 ,  418 ,  6.61 , 1078456
1078469 , 313.4996 , -23.3712 , -17.06 ,   9.97 ,  8.14 ,   54 ,  2.55 , 1078469
1078538 , 172.6683 , -22.6949 , -15.54 ,  14.11 ,  7.53 ,  672 ,  8.53 , 1078538
1078541 , 145.5007 , -51.6727 , -15.11 ,  11.49 ,  7.36 ,  122 ,  2.09 , 1078541
1078595 , 326.9292 ,  70.5686 , -14.94 ,  13.94 ,  7.29 ,  612 ,  5.96 , 1078595
1078713 , 144.0912 ,  37.9411 , -14.28 ,  15.62 ,  7.02 ,  641 ,  9.57 , 1078713
1078774 , 359.4751 ,  62.9230 , -14.50 ,  14.26 ,  7.11 ,  595 ,  5.65 , 1078774
1078881 , 116.6092 , -68.7643 , -16.82 ,   8.72 ,  8.04 ,   82 ,  1.28 , 1078881
1078910 , 239.7702 , -27.7779 , -15.78 ,  13.96 ,  7.62 ,  710 ,  8.85 , 1078910
1078914 , 196.9050 ,  76.3735 , -14.31 ,  14.84 ,  7.04 ,  654 ,  6.75 , 1078914
1078946 , 103.6784 ,  85.7398 , -15.43 ,  14.35 ,  7.48 ,  775 ,  9.06 , 1078946
1079104 , 193.1625 ,  18.5744 , -15.12 ,  14.24 ,  7.36 ,  484 ,  7.45 , 1079104
1079135 , 224.0109 ,  26.8212 , -14.62 ,  13.83 ,  7.16 ,  551 ,  4.88 , 1079135
1079225 ,  74.2492 , -19.2327 , -14.05 ,  14.92 ,  6.93 ,  434 ,  6.22 , 1079225
1079421 , 122.7244 ,  43.1969 , -14.15 ,  15.15 ,  6.97 ,  523 ,  7.25 , 1079421
1079466 , 254.2634 , -48.2889 , -14.07 ,  15.40 ,  6.94 ,  635 ,  7.83 , 1079466
1079496 , 194.8090 ,  19.2940 , -15.49 ,  13.97 ,  7.51 ,  508 ,  7.79 , 1079496
1079590 , 160.5604 , -30.8618 , -14.23 ,  15.04 ,  7.00 ,  510 ,  7.15 , 1079590
1079667 ,  78.0378 ,  19.0865 , -15.19 ,  14.53 ,  7.39 ,  598 ,  8.79 , 1079667
1079697 , 142.8595 ,  37.6992 , -15.45 ,  14.30 ,  7.49 ,  588 ,  8.88 , 1079697
1079746 , 256.8462 ,  39.8505 , -15.35 ,  13.72 ,  7.45 ,  648 ,  6.51 , 1079746
1079811 , 201.3631 ,   0.4892 , -14.34 ,  15.21 ,  7.05 ,  614 ,  8.15 , 1079811
1079813 ,  61.1849 ,   0.4084 , -16.00 ,  13.91 ,  7.71 ,  699 ,  9.62 , 1079813
1079824 , 200.7499 ,  26.7191 , -14.79 ,  14.45 ,  7.23 ,  441 ,  7.03 , 1079824
1080119 ,  49.0970 ,  -6.8316 , -14.66 ,  12.44 ,  7.18 ,  434 ,  2.63 , 1080119
1080335 , 138.9171 ,  82.0202 , -14.17 ,  14.37 ,  6.98 ,  523 ,  5.12 , 1080335
1080660 , 322.8900 , -42.6007 , -14.78 ,  13.15 ,  7.22 ,  287 ,  3.85 , 1080660
1080700 , 329.1013 ,  45.6385 , -15.41 ,  14.29 ,  7.47 ,  735 ,  8.69 , 1080700
1081126 , 119.4955 ,  -1.8074 , -15.42 ,  13.78 ,  7.48 ,  449 ,  6.93 , 1081126
1081138 , 161.5709 , -20.8234 , -14.07 ,  14.68 ,  6.94 ,  412 ,  5.63 , 1081138
1081227 , 109.4094 ,  55.2319 , -14.90 ,  13.96 ,  7.27 ,  468 ,  5.89 , 1081227
1081259 , 228.2113 ,  36.7119 , -14.39 ,  14.42 ,  7.07 ,  670 ,  5.78 , 1081259
1081292 , 122.1207 , -43.9446 , -14.71 ,  15.23 ,  7.20 ,  860 ,  9.73 , 1081292
1081388 , 236.8890 ,  27.6942 , -14.90 ,  11.97 ,  7.27 ,  306 ,  2.37 , 1081388
1081930 ,  70.0498 , -43.5158 , -14.98 ,  14.88 ,  7.31 ,  885 ,  9.40 , 1081930
1082131 , 182.7265 ,   0.8487 , -14.01 ,  15.64 ,  6.92 ,  589 ,  8.52 , 1082131
1082157 , 226.7722 ,  25.9701 , -14.69 ,  13.53 ,  7.19 ,  420 ,  4.41 , 1082157
1082199 ,  79.8229 ,  53.2467 , -14.75 ,  14.11 ,  7.21 ,  523 ,  5.92 , 1082199
1082255 , 341.0109 , -54.6937 , -15.37 ,  14.12 ,  7.46 ,  688 ,  7.92 , 1082255
1082352 , 192.7649 ,  55.7322 , -15.21 ,  12.76 ,  7.40 ,  421 ,  3.94 , 1082352
1082362 , 178.5320 , -50.1226 , -16.78 ,   7.53 ,  8.02 ,  385 ,  0.73 , 1082362
1082543 , 261.0540 , -45.6150 , -14.64 ,  15.06 ,  7.17 ,  671 ,  8.74 , 1082543
1082655 , 203.7169 ,  46.7828 , -14.29 ,  13.98 ,  7.03 ,  434 ,  4.50 , 1082655
1082679 , 204.6410 ,  41.9431 , -14.19 ,  15.65 ,  6.99 ,  632 ,  9.30 , 1082679
1082682 ,  47.8120 , -21.9261 , -14.70 ,  13.70 ,  7.19 ,  620 ,  4.78 , 1082682
1082708 , 213.1504 ,  30.2591 , -14.68 ,  13.06 ,  7.18 ,  291 ,  3.54 , 1082708
1082954 ,  57.1447 ,  -7.1602 , -15.52 ,  14.03 ,  7.52 ,  700 ,  8.12 , 1082954
1082998 ,  53.6656 ,   3.1382 , -15.88 ,  13.69 ,  7.66 ,  812 ,  8.19 , 1082998
1083797 , 338.5898 , -63.3990 , -14.61 ,  15.19 ,  7.15 ,  697 ,  9.09 , 1083797
1084066 ,  87.1137 , -38.8369 , -14.82 ,  15.06 ,  7.24 ,  845 ,  9.46 , 1084066
1084134 ,  52.8195 ,  73.1730 , -14.44 ,  14.78 ,  7.09 ,  640 ,  6.98 , 1084134
1084211 , 168.9190 , -34.5801 , -14.34 ,  14.50 ,  7.05 ,  389 ,  5.85 , 1084211
1084226 ,  81.9936 ,  19.7508 , -14.15 ,  15.25 ,  6.97 ,  571 ,  7.58 , 1084226
1085091 ,  50.3310 ,   2.8793 , -16.19 ,  12.82 ,  7.79 ,  726 ,  6.35 , 1085091
1085294 , 108.4350 , -46.3664 , -14.24 ,  15.28 ,  7.01 ,  689 ,  7.99 , 1085294
1085300 ,  61.9888 ,  -6.9710 , -15.55 ,  13.01 ,  7.53 ,  352 ,  5.16 , 1085300
1085366 ,  55.9401 ,   7.5673 , -14.69 ,  15.28 ,  7.19 ,  788 ,  9.82 , 1085366
1085571 , 310.1883 , -55.5469 , -15.72 ,   9.10 ,  7.60 ,  483 ,  0.92 , 1085571
1085633 , 301.8786 ,  -7.3430 , -14.50 ,  14.83 ,  7.11 ,  502 ,  7.34 , 1085633
1085662 , 193.4593 , -45.1253 , -15.92 ,  12.79 ,  7.68 ,  467 ,  5.50 , 1085662
1085827 ,  80.3780 , -45.9281 , -14.47 ,  15.38 ,  7.10 ,  858 ,  9.35 , 1085827
1085948 ,  84.8971 , -38.7677 , -14.15 ,  15.39 ,  6.97 ,  710 ,  8.08 , 1085948
1085984 ,  58.5449 , -28.3369 , -16.56 ,  12.15 ,  7.94 ,  485 ,  5.53 , 1085984
1086040 ,  88.3837 , -16.6715 , -14.15 ,  14.89 ,  6.97 ,  458 ,  6.41 , 1086040
1086075 , 286.2366 ,   2.7628 , -14.12 ,  12.83 ,  6.96 ,  598 ,  2.46 , 1086075
1086089 , 154.4521 , -27.5068 , -14.98 ,  12.94 ,  7.30 ,  341 ,  3.84 , 1086089
1086476 , 279.9070 , -62.0013 , -14.96 ,  14.19 ,  7.30 ,  487 ,  6.78 , 1086476
1086594 , 301.4201 ,  -5.3272 , -14.03 ,  15.28 ,  6.92 ,  639 ,  7.26 , 1086594
1086711 , 172.4120 , -38.5204 , -14.51 ,  14.43 ,  7.12 ,  401 ,  6.15 , 1086711
1086717 ,  59.6669 , -26.8111 , -14.91 ,  14.02 ,  7.28 ,  674 ,  6.10 , 1086717
1086718 , 167.9760 , -26.1300 , -14.71 ,  14.11 ,  7.20 ,  435 ,  5.80 , 1086718
1086739 ,  53.5393 ,   0.9244 , -15.18 ,  14.25 ,  7.38 ,  861 ,  7.67 , 1086739
1086968 ,  83.8762 , -40.2709 , -15.27 ,  14.73 ,  7.42 ,  634 , 10.00 , 1086968
1087011 , 222.7109 ,  47.2871 , -15.24 ,  13.98 ,  7.41 ,  542 ,  6.98 , 1087011
1087270 ,  46.4080 , -18.0111 , -14.48 ,  13.80 ,  7.10 ,  658 ,  4.53 , 1087270
1087281 ,  89.5862 , -72.2906 , -14.93 ,  10.48 ,  7.29 ,   77 ,  1.21 , 1087281
1087390 , 305.6948 ,  38.2811 , -14.17 ,  13.90 ,  6.98 ,  529 ,  4.10 , 1087390
1087532 ,  47.8311 ,   4.6537 , -14.24 ,  15.48 ,  7.01 ,  825 ,  8.79 , 1087532
1087663 ,  54.6461 , -28.7239 , -14.29 ,  15.51 ,  7.03 ,  870 ,  9.12 , 1087663
1087682 , 350.3221 ,  19.6721 , -14.27 ,  14.45 ,  7.02 ,  596 ,  5.54 , 1087682
1087763 , 117.9009 , -48.1276 , -14.86 ,  11.32 ,  7.26 ,   37 ,  1.73 , 1087763
1087828 , 240.7097 , -34.6481 , -14.18 ,  15.23 ,  6.98 ,  592 ,  7.62 , 1087828
1088255 , 103.7071 , -63.4378 , -14.21 ,  12.45 ,  7.00 ,    7 ,  2.14 , 1088255
1088384 , 172.1816 , -14.4613 , -14.18 ,  15.79 ,  6.98 ,  746 ,  9.83 , 1088384
1088521 ,  67.1270 , -36.2816 , -14.11 ,  11.01 ,  6.96 ,  -74 ,  1.06 , 1088521
1088719 ,  54.4753 ,  -8.4982 , -15.33 ,  13.42 ,  7.44 ,  652 ,  5.63 , 1088719
1088858 ,  48.7876 ,  14.7972 , -14.34 ,  14.96 ,  7.05 ,  739 ,  7.24 , 1088858
1088886 , 219.7644 ,  24.3872 , -14.03 ,  14.32 ,  6.92 ,  379 ,  4.67 , 1088886
1089175 ,  59.6840 , -25.8680 , -15.07 ,  12.98 ,  7.34 ,  569 ,  4.07 , 1089175
1089322 , 162.2458 ,  22.1229 , -16.08 ,   8.32 ,  7.74 ,  550 ,  0.76 , 1089322
1089424 ,  78.4030 , -45.8433 , -14.23 ,  15.40 ,  7.01 ,  749 ,  8.46 , 1089424
1089474 ,  47.0212 , -22.7197 , -14.24 ,  14.04 ,  7.01 ,  588 ,  4.52 , 1089474
1089550 , 358.9255 , -84.5251 , -14.45 ,  11.59 ,  7.09 ,  174 ,  1.61 , 1089550
1089615 , 296.8341 , -33.3567 , -15.42 ,  12.02 ,  7.48 ,  231 ,  3.08 , 1089615
1089771 , 217.9712 ,  35.8848 , -14.37 ,  15.09 ,  7.06 ,  575 ,  7.80 , 1089771
1090362 , 304.8366 , -29.0333 , -14.03 ,  12.97 ,  6.92 ,  135 ,  2.50 , 1090362
1090413 ,  60.2308 ,  -8.1999 , -15.10 ,  13.87 ,  7.35 ,  521 ,  6.22 , 1090413
1090721 ,  57.7949 ,  -5.9238 , -14.41 ,  14.32 ,  7.08 ,  508 ,  5.58 , 1090721
1090901 ,  55.2151 , -32.6396 , -14.19 ,  15.25 ,  6.99 ,  686 ,  7.74 , 1090901
1091673 , 303.8289 , -49.8478 , -15.42 ,   9.46 ,  7.48 ,  315 ,  0.95 , 1091673
