 log10_L ,  log10_M
 8.00000 , 10.50515
 8.00100 , 10.50565
 8.00200 , 10.50615
 8.00300 , 10.50665
 8.00400 , 10.50715
 8.00500 , 10.50765
 8.00600 , 10.50815
 8.00700 , 10.50865
 8.00800 , 10.50915
 8.00900 , 10.50965
 8.01000 , 10.51015
 8.01100 , 10.51065
 8.01200 , 10.51115
 8.01300 , 10.51165
 8.01400 , 10.51215
 8.01500 , 10.51265
 8.01600 , 10.51315
 8.01700 , 10.51365
 8.01800 , 10.51415
 8.01900 , 10.51465
 8.02000 , 10.51515
 8.02100 , 10.51565
 8.02200 , 10.51615
 8.02300 , 10.51665
 8.02400 , 10.51715
 8.02500 , 10.51765
 8.02600 , 10.51815
 8.02700 , 10.51865
 8.02800 , 10.51915
 8.02900 , 10.51965
 8.03000 , 10.52015
 8.03100 , 10.52065
 8.03200 , 10.52115
 8.03300 , 10.52165
 8.03400 , 10.52215
 8.03500 , 10.52265
 8.03600 , 10.52315
 8.03700 , 10.52365
 8.03800 , 10.52415
 8.03900 , 10.52465
 8.04000 , 10.52515
 8.04100 , 10.52565
 8.04200 , 10.52615
 8.04300 , 10.52665
 8.04400 , 10.52715
 8.04500 , 10.52765
 8.04600 , 10.52815
 8.04700 , 10.52865
 8.04800 , 10.52915
 8.04900 , 10.52965
 8.05000 , 10.53015
 8.05100 , 10.53065
 8.05200 , 10.53115
 8.05300 , 10.53165
 8.05400 , 10.53215
 8.05500 , 10.53265
 8.05600 , 10.53315
 8.05700 , 10.53365
 8.05800 , 10.53415
 8.05900 , 10.53465
 8.06000 , 10.53515
 8.06100 , 10.53565
 8.06200 , 10.53615
 8.06300 , 10.53665
 8.06400 , 10.53715
 8.06500 , 10.53765
 8.06600 , 10.53815
 8.06700 , 10.53865
 8.06800 , 10.53915
 8.06900 , 10.53965
 8.07000 , 10.54015
 8.07100 , 10.54065
 8.07200 , 10.54115
 8.07300 , 10.54165
 8.07400 , 10.54215
 8.07500 , 10.54265
 8.07600 , 10.54315
 8.07700 , 10.54365
 8.07800 , 10.54415
 8.07900 , 10.54465
 8.08000 , 10.54515
 8.08100 , 10.54565
 8.08200 , 10.54615
 8.08300 , 10.54665
 8.08400 , 10.54715
 8.08500 , 10.54765
 8.08600 , 10.54815
 8.08700 , 10.54865
 8.08800 , 10.54915
 8.08900 , 10.54965
 8.09000 , 10.55015
 8.09100 , 10.55065
 8.09200 , 10.55115
 8.09300 , 10.55165
 8.09400 , 10.55215
 8.09500 , 10.55265
 8.09600 , 10.55315
 8.09700 , 10.55365
 8.09800 , 10.55415
 8.09900 , 10.55465
 8.10000 , 10.55515
 8.10100 , 10.55565
 8.10200 , 10.55615
 8.10300 , 10.55665
 8.10400 , 10.55715
 8.10500 , 10.55765
 8.10600 , 10.55815
 8.10700 , 10.55865
 8.10800 , 10.55915
 8.10900 , 10.55965
 8.11000 , 10.56015
 8.11100 , 10.56065
 8.11200 , 10.56115
 8.11300 , 10.56165
 8.11400 , 10.56215
 8.11500 , 10.56265
 8.11600 , 10.56315
 8.11700 , 10.56365
 8.11800 , 10.56415
 8.11900 , 10.56465
 8.12000 , 10.56515
 8.12100 , 10.56565
 8.12200 , 10.56615
 8.12300 , 10.56665
 8.12400 , 10.56715
 8.12500 , 10.56765
 8.12600 , 10.56815
 8.12700 , 10.56865
 8.12800 , 10.56915
 8.12900 , 10.56965
 8.13000 , 10.57015
 8.13100 , 10.57065
 8.13200 , 10.57115
 8.13300 , 10.57165
 8.13400 , 10.57215
 8.13500 , 10.57265
 8.13600 , 10.57315
 8.13700 , 10.57365
 8.13800 , 10.57415
 8.13900 , 10.57465
 8.14000 , 10.57515
 8.14100 , 10.57565
 8.14200 , 10.57615
 8.14300 , 10.57665
 8.14400 , 10.57715
 8.14500 , 10.57765
 8.14600 , 10.57815
 8.14700 , 10.57865
 8.14800 , 10.57915
 8.14900 , 10.57965
 8.15000 , 10.58015
 8.15100 , 10.58065
 8.15200 , 10.58115
 8.15300 , 10.58165
 8.15400 , 10.58215
 8.15500 , 10.58265
 8.15600 , 10.58315
 8.15700 , 10.58365
 8.15800 , 10.58415
 8.15900 , 10.58465
 8.16000 , 10.58515
 8.16100 , 10.58565
 8.16200 , 10.58615
 8.16300 , 10.58665
 8.16400 , 10.58715
 8.16500 , 10.58765
 8.16600 , 10.58815
 8.16700 , 10.58865
 8.16800 , 10.58915
 8.16900 , 10.58965
 8.17000 , 10.59015
 8.17100 , 10.59065
 8.17200 , 10.59115
 8.17300 , 10.59165
 8.17400 , 10.59215
 8.17500 , 10.59265
 8.17600 , 10.59315
 8.17700 , 10.59365
 8.17800 , 10.59415
 8.17900 , 10.59465
 8.18000 , 10.59515
 8.18100 , 10.59565
 8.18200 , 10.59615
 8.18300 , 10.59665
 8.18400 , 10.59715
 8.18500 , 10.59765
 8.18600 , 10.59815
 8.18700 , 10.59865
 8.18800 , 10.59915
 8.18900 , 10.59965
 8.19000 , 10.60015
 8.19100 , 10.60065
 8.19200 , 10.60115
 8.19300 , 10.60165
 8.19400 , 10.60215
 8.19500 , 10.60265
 8.19600 , 10.60315
 8.19700 , 10.60365
 8.19800 , 10.60415
 8.19900 , 10.60465
 8.20000 , 10.60515
 8.20100 , 10.60565
 8.20200 , 10.60615
 8.20300 , 10.60665
 8.20400 , 10.60715
 8.20500 , 10.60765
 8.20600 , 10.60815
 8.20700 , 10.60865
 8.20800 , 10.60915
 8.20900 , 10.60965
 8.21000 , 10.61015
 8.21100 , 10.61065
 8.21200 , 10.61115
 8.21300 , 10.61165
 8.21400 , 10.61215
 8.21500 , 10.61265
 8.21600 , 10.61315
 8.21700 , 10.61365
 8.21800 , 10.61415
 8.21900 , 10.61465
 8.22000 , 10.61515
 8.22100 , 10.61565
 8.22200 , 10.61615
 8.22300 , 10.61665
 8.22400 , 10.61715
 8.22500 , 10.61765
 8.22600 , 10.61815
 8.22700 , 10.61865
 8.22800 , 10.61915
 8.22900 , 10.61965
 8.23000 , 10.62015
 8.23100 , 10.62065
 8.23200 , 10.62115
 8.23300 , 10.62165
 8.23400 , 10.62215
 8.23500 , 10.62265
 8.23600 , 10.62315
 8.23700 , 10.62365
 8.23800 , 10.62415
 8.23900 , 10.62465
 8.24000 , 10.62515
 8.24100 , 10.62565
 8.24200 , 10.62615
 8.24300 , 10.62665
 8.24400 , 10.62715
 8.24500 , 10.62765
 8.24600 , 10.62815
 8.24700 , 10.62865
 8.24800 , 10.62915
 8.24900 , 10.62965
 8.25000 , 10.63015
 8.25100 , 10.63065
 8.25200 , 10.63115
 8.25300 , 10.63165
 8.25400 , 10.63215
 8.25500 , 10.63265
 8.25600 , 10.63315
 8.25700 , 10.63365
 8.25800 , 10.63415
 8.25900 , 10.63465
 8.26000 , 10.63515
 8.26100 , 10.63565
 8.26200 , 10.63615
 8.26300 , 10.63665
 8.26400 , 10.63715
 8.26500 , 10.63765
 8.26600 , 10.63815
 8.26700 , 10.63865
 8.26800 , 10.63915
 8.26900 , 10.63965
 8.27000 , 10.64015
 8.27100 , 10.64065
 8.27200 , 10.64115
 8.27300 , 10.64165
 8.27400 , 10.64215
 8.27500 , 10.64265
 8.27600 , 10.64315
 8.27700 , 10.64365
 8.27800 , 10.64415
 8.27900 , 10.64465
 8.28000 , 10.64515
 8.28100 , 10.64565
 8.28200 , 10.64615
 8.28300 , 10.64665
 8.28400 , 10.64715
 8.28500 , 10.64765
 8.28600 , 10.64815
 8.28700 , 10.64865
 8.28800 , 10.64915
 8.28900 , 10.64965
 8.29000 , 10.65015
 8.29100 , 10.65065
 8.29200 , 10.65115
 8.29300 , 10.65165
 8.29400 , 10.65215
 8.29500 , 10.65265
 8.29600 , 10.65315
 8.29700 , 10.65365
 8.29800 , 10.65415
 8.29900 , 10.65465
 8.30000 , 10.65515
 8.30100 , 10.65565
 8.30200 , 10.65615
 8.30300 , 10.65665
 8.30400 , 10.65715
 8.30500 , 10.65765
 8.30600 , 10.65815
 8.30700 , 10.65865
 8.30800 , 10.65915
 8.30900 , 10.65965
 8.31000 , 10.66015
 8.31100 , 10.66065
 8.31200 , 10.66115
 8.31300 , 10.66165
 8.31400 , 10.66215
 8.31500 , 10.66265
 8.31600 , 10.66315
 8.31700 , 10.66365
 8.31800 , 10.66415
 8.31900 , 10.66465
 8.32000 , 10.66515
 8.32100 , 10.66565
 8.32200 , 10.66615
 8.32300 , 10.66665
 8.32400 , 10.66715
 8.32500 , 10.66765
 8.32600 , 10.66815
 8.32700 , 10.66865
 8.32800 , 10.66915
 8.32900 , 10.66965
 8.33000 , 10.67015
 8.33100 , 10.67065
 8.33200 , 10.67115
 8.33300 , 10.67165
 8.33400 , 10.67215
 8.33500 , 10.67265
 8.33600 , 10.67315
 8.33700 , 10.67365
 8.33800 , 10.67415
 8.33900 , 10.67465
 8.34000 , 10.67515
 8.34100 , 10.67565
 8.34200 , 10.67615
 8.34300 , 10.67665
 8.34400 , 10.67715
 8.34500 , 10.67765
 8.34600 , 10.67815
 8.34700 , 10.67865
 8.34800 , 10.67915
 8.34900 , 10.67965
 8.35000 , 10.68015
 8.35100 , 10.68065
 8.35200 , 10.68115
 8.35300 , 10.68165
 8.35400 , 10.68215
 8.35500 , 10.68265
 8.35600 , 10.68315
 8.35700 , 10.68365
 8.35800 , 10.68415
 8.35900 , 10.68465
 8.36000 , 10.68515
 8.36100 , 10.68565
 8.36200 , 10.68615
 8.36300 , 10.68665
 8.36400 , 10.68715
 8.36500 , 10.68765
 8.36600 , 10.68815
 8.36700 , 10.68865
 8.36800 , 10.68915
 8.36900 , 10.68965
 8.37000 , 10.69015
 8.37100 , 10.69065
 8.37200 , 10.69115
 8.37300 , 10.69165
 8.37400 , 10.69215
 8.37500 , 10.69265
 8.37600 , 10.69315
 8.37700 , 10.69365
 8.37800 , 10.69415
 8.37900 , 10.69465
 8.38000 , 10.69515
 8.38100 , 10.69565
 8.38200 , 10.69615
 8.38300 , 10.69665
 8.38400 , 10.69715
 8.38500 , 10.69765
 8.38600 , 10.69815
 8.38700 , 10.69865
 8.38800 , 10.69915
 8.38900 , 10.69965
 8.39000 , 10.70015
 8.39100 , 10.70065
 8.39200 , 10.70115
 8.39300 , 10.70165
 8.39400 , 10.70215
 8.39500 , 10.70265
 8.39600 , 10.70315
 8.39700 , 10.70365
 8.39800 , 10.70415
 8.39900 , 10.70465
 8.40000 , 10.70515
 8.40100 , 10.70565
 8.40200 , 10.70615
 8.40300 , 10.70665
 8.40400 , 10.70715
 8.40500 , 10.70765
 8.40600 , 10.70815
 8.40700 , 10.70865
 8.40800 , 10.70915
 8.40900 , 10.70965
 8.41000 , 10.71015
 8.41100 , 10.71065
 8.41200 , 10.71115
 8.41300 , 10.71165
 8.41400 , 10.71215
 8.41500 , 10.71265
 8.41600 , 10.71315
 8.41700 , 10.71365
 8.41800 , 10.71415
 8.41900 , 10.71465
 8.42000 , 10.71515
 8.42100 , 10.71565
 8.42200 , 10.71615
 8.42300 , 10.71665
 8.42400 , 10.71715
 8.42500 , 10.71765
 8.42600 , 10.71815
 8.42700 , 10.71865
 8.42800 , 10.71915
 8.42900 , 10.71965
 8.43000 , 10.72015
 8.43100 , 10.72065
 8.43200 , 10.72115
 8.43300 , 10.72165
 8.43400 , 10.72215
 8.43500 , 10.72265
 8.43600 , 10.72315
 8.43700 , 10.72365
 8.43800 , 10.72415
 8.43900 , 10.72465
 8.44000 , 10.72515
 8.44100 , 10.72565
 8.44200 , 10.72615
 8.44300 , 10.72665
 8.44400 , 10.72715
 8.44500 , 10.72765
 8.44600 , 10.72815
 8.44700 , 10.72865
 8.44800 , 10.72915
 8.44900 , 10.72965
 8.45000 , 10.73015
 8.45100 , 10.73065
 8.45200 , 10.73115
 8.45300 , 10.73165
 8.45400 , 10.73215
 8.45500 , 10.73265
 8.45600 , 10.73315
 8.45700 , 10.73365
 8.45800 , 10.73415
 8.45900 , 10.73465
 8.46000 , 10.73515
 8.46100 , 10.73565
 8.46200 , 10.73615
 8.46300 , 10.73665
 8.46400 , 10.73715
 8.46500 , 10.73765
 8.46600 , 10.73815
 8.46700 , 10.73865
 8.46800 , 10.73915
 8.46900 , 10.73965
 8.47000 , 10.74015
 8.47100 , 10.74065
 8.47200 , 10.74115
 8.47300 , 10.74165
 8.47400 , 10.74215
 8.47500 , 10.74265
 8.47600 , 10.74315
 8.47700 , 10.74365
 8.47800 , 10.74415
 8.47900 , 10.74465
 8.48000 , 10.74515
 8.48100 , 10.74565
 8.48200 , 10.74615
 8.48300 , 10.74665
 8.48400 , 10.74715
 8.48500 , 10.74765
 8.48600 , 10.74815
 8.48700 , 10.74865
 8.48800 , 10.74915
 8.48900 , 10.74965
 8.49000 , 10.75015
 8.49100 , 10.75065
 8.49200 , 10.75115
 8.49300 , 10.75165
 8.49400 , 10.75215
 8.49500 , 10.75265
 8.49600 , 10.75315
 8.49700 , 10.75365
 8.49800 , 10.75415
 8.49900 , 10.75465
 8.50000 , 10.75515
 8.50100 , 10.75565
 8.50200 , 10.75615
 8.50300 , 10.75665
 8.50400 , 10.75715
 8.50500 , 10.75765
 8.50600 , 10.75815
 8.50700 , 10.75865
 8.50800 , 10.75915
 8.50900 , 10.75965
 8.51000 , 10.76015
 8.51100 , 10.76065
 8.51200 , 10.76115
 8.51300 , 10.76165
 8.51400 , 10.76215
 8.51500 , 10.76265
 8.51600 , 10.76315
 8.51700 , 10.76365
 8.51800 , 10.76415
 8.51900 , 10.76465
 8.52000 , 10.76515
 8.52100 , 10.76565
 8.52200 , 10.76615
 8.52300 , 10.76665
 8.52400 , 10.76715
 8.52500 , 10.76765
 8.52600 , 10.76815
 8.52700 , 10.76865
 8.52800 , 10.76915
 8.52900 , 10.76965
 8.53000 , 10.77015
 8.53100 , 10.77065
 8.53200 , 10.77115
 8.53300 , 10.77165
 8.53400 , 10.77215
 8.53500 , 10.77265
 8.53600 , 10.77315
 8.53700 , 10.77365
 8.53800 , 10.77415
 8.53900 , 10.77465
 8.54000 , 10.77515
 8.54100 , 10.77565
 8.54200 , 10.77615
 8.54300 , 10.77665
 8.54400 , 10.77715
 8.54500 , 10.77765
 8.54600 , 10.77815
 8.54700 , 10.77865
 8.54800 , 10.77915
 8.54900 , 10.77965
 8.55000 , 10.78015
 8.55100 , 10.78065
 8.55200 , 10.78115
 8.55300 , 10.78165
 8.55400 , 10.78215
 8.55500 , 10.78265
 8.55600 , 10.78315
 8.55700 , 10.78365
 8.55800 , 10.78415
 8.55900 , 10.78465
 8.56000 , 10.78515
 8.56100 , 10.78565
 8.56200 , 10.78615
 8.56300 , 10.78665
 8.56400 , 10.78715
 8.56500 , 10.78765
 8.56600 , 10.78815
 8.56700 , 10.78865
 8.56800 , 10.78915
 8.56900 , 10.78965
 8.57000 , 10.79015
 8.57100 , 10.79065
 8.57200 , 10.79115
 8.57300 , 10.79165
 8.57400 , 10.79215
 8.57500 , 10.79265
 8.57600 , 10.79315
 8.57700 , 10.79365
 8.57800 , 10.79415
 8.57900 , 10.79465
 8.58000 , 10.79515
 8.58100 , 10.79565
 8.58200 , 10.79615
 8.58300 , 10.79665
 8.58400 , 10.79715
 8.58500 , 10.79765
 8.58600 , 10.79815
 8.58700 , 10.79865
 8.58800 , 10.79915
 8.58900 , 10.79965
 8.59000 , 10.80015
 8.59100 , 10.80065
 8.59200 , 10.80115
 8.59300 , 10.80165
 8.59400 , 10.80215
 8.59500 , 10.80265
 8.59600 , 10.80315
 8.59700 , 10.80365
 8.59800 , 10.80415
 8.59900 , 10.80465
 8.60000 , 10.80515
 8.60100 , 10.80565
 8.60200 , 10.80615
 8.60300 , 10.80665
 8.60400 , 10.80715
 8.60500 , 10.80765
 8.60600 , 10.80815
 8.60700 , 10.80865
 8.60800 , 10.80915
 8.60900 , 10.80965
 8.61000 , 10.81015
 8.61100 , 10.81065
 8.61200 , 10.81115
 8.61300 , 10.81165
 8.61400 , 10.81215
 8.61500 , 10.81265
 8.61600 , 10.81315
 8.61700 , 10.81365
 8.61800 , 10.81415
 8.61900 , 10.81465
 8.62000 , 10.81515
 8.62100 , 10.81565
 8.62200 , 10.81615
 8.62300 , 10.81665
 8.62400 , 10.81715
 8.62500 , 10.81765
 8.62600 , 10.81815
 8.62700 , 10.81865
 8.62800 , 10.81915
 8.62900 , 10.81965
 8.63000 , 10.82015
 8.63100 , 10.82065
 8.63200 , 10.82115
 8.63300 , 10.82165
 8.63400 , 10.82215
 8.63500 , 10.82265
 8.63600 , 10.82315
 8.63700 , 10.82365
 8.63800 , 10.82415
 8.63900 , 10.82465
 8.64000 , 10.82515
 8.64100 , 10.82565
 8.64200 , 10.82615
 8.64300 , 10.82665
 8.64400 , 10.82715
 8.64500 , 10.82765
 8.64600 , 10.82815
 8.64700 , 10.82865
 8.64800 , 10.82915
 8.64900 , 10.82965
 8.65000 , 10.83015
 8.65100 , 10.83065
 8.65200 , 10.83115
 8.65300 , 10.83165
 8.65400 , 10.83215
 8.65500 , 10.83265
 8.65600 , 10.83315
 8.65700 , 10.83365
 8.65800 , 10.83415
 8.65900 , 10.83465
 8.66000 , 10.83515
 8.66100 , 10.83565
 8.66200 , 10.83615
 8.66300 , 10.83665
 8.66400 , 10.83715
 8.66500 , 10.83765
 8.66600 , 10.83815
 8.66700 , 10.83865
 8.66800 , 10.83915
 8.66900 , 10.83965
 8.67000 , 10.84015
 8.67100 , 10.84065
 8.67200 , 10.84115
 8.67300 , 10.84165
 8.67400 , 10.84215
 8.67500 , 10.84265
 8.67600 , 10.84315
 8.67700 , 10.84365
 8.67800 , 10.84415
 8.67900 , 10.84465
 8.68000 , 10.84515
 8.68100 , 10.84565
 8.68200 , 10.84615
 8.68300 , 10.84665
 8.68400 , 10.84715
 8.68500 , 10.84765
 8.68600 , 10.84815
 8.68700 , 10.84865
 8.68800 , 10.84915
 8.68900 , 10.84965
 8.69000 , 10.85015
 8.69100 , 10.85065
 8.69200 , 10.85115
 8.69300 , 10.85165
 8.69400 , 10.85215
 8.69500 , 10.85265
 8.69600 , 10.85315
 8.69700 , 10.85365
 8.69800 , 10.85415
 8.69900 , 10.85465
 8.70000 , 10.85515
 8.70100 , 10.85565
 8.70200 , 10.85615
 8.70300 , 10.85665
 8.70400 , 10.85715
 8.70500 , 10.85765
 8.70600 , 10.85815
 8.70700 , 10.85865
 8.70800 , 10.85915
 8.70900 , 10.85965
 8.71000 , 10.86015
 8.71100 , 10.86065
 8.71200 , 10.86115
 8.71300 , 10.86165
 8.71400 , 10.86215
 8.71500 , 10.86265
 8.71600 , 10.86315
 8.71700 , 10.86365
 8.71800 , 10.86415
 8.71900 , 10.86465
 8.72000 , 10.86515
 8.72100 , 10.86565
 8.72200 , 10.86615
 8.72300 , 10.86665
 8.72400 , 10.86715
 8.72500 , 10.86765
 8.72600 , 10.86815
 8.72700 , 10.86865
 8.72800 , 10.86915
 8.72900 , 10.86965
 8.73000 , 10.87015
 8.73100 , 10.87065
 8.73200 , 10.87115
 8.73300 , 10.87165
 8.73400 , 10.87215
 8.73500 , 10.87265
 8.73600 , 10.87315
 8.73700 , 10.87365
 8.73800 , 10.87415
 8.73900 , 10.87465
 8.74000 , 10.87515
 8.74100 , 10.87565
 8.74200 , 10.87615
 8.74300 , 10.87665
 8.74400 , 10.87715
 8.74500 , 10.87765
 8.74600 , 10.87815
 8.74700 , 10.87865
 8.74800 , 10.87915
 8.74900 , 10.87965
 8.75000 , 10.88015
 8.75100 , 10.88065
 8.75200 , 10.88115
 8.75300 , 10.88165
 8.75400 , 10.88215
 8.75500 , 10.88265
 8.75600 , 10.88315
 8.75700 , 10.88365
 8.75800 , 10.88415
 8.75900 , 10.88465
 8.76000 , 10.88515
 8.76100 , 10.88565
 8.76200 , 10.88615
 8.76300 , 10.88665
 8.76400 , 10.88715
 8.76500 , 10.88765
 8.76600 , 10.88815
 8.76700 , 10.88865
 8.76800 , 10.88915
 8.76900 , 10.88965
 8.77000 , 10.89015
 8.77100 , 10.89065
 8.77200 , 10.89115
 8.77300 , 10.89165
 8.77400 , 10.89215
 8.77500 , 10.89265
 8.77600 , 10.89315
 8.77700 , 10.89365
 8.77800 , 10.89415
 8.77900 , 10.89465
 8.78000 , 10.89515
 8.78100 , 10.89565
 8.78200 , 10.89615
 8.78300 , 10.89665
 8.78400 , 10.89715
 8.78500 , 10.89765
 8.78600 , 10.89815
 8.78700 , 10.89865
 8.78800 , 10.89915
 8.78900 , 10.89965
 8.79000 , 10.90015
 8.79100 , 10.90065
 8.79200 , 10.90115
 8.79300 , 10.90165
 8.79400 , 10.90215
 8.79500 , 10.90265
 8.79600 , 10.90315
 8.79700 , 10.90365
 8.79800 , 10.90415
 8.79900 , 10.90465
 8.80000 , 10.90515
 8.80100 , 10.90565
 8.80200 , 10.90615
 8.80300 , 10.90665
 8.80400 , 10.90715
 8.80500 , 10.90765
 8.80600 , 10.90815
 8.80700 , 10.90865
 8.80800 , 10.90915
 8.80900 , 10.90965
 8.81000 , 10.91015
 8.81100 , 10.91065
 8.81200 , 10.91115
 8.81300 , 10.91165
 8.81400 , 10.91215
 8.81500 , 10.91265
 8.81600 , 10.91315
 8.81700 , 10.91365
 8.81800 , 10.91415
 8.81900 , 10.91465
 8.82000 , 10.91515
 8.82100 , 10.91565
 8.82200 , 10.91615
 8.82300 , 10.91665
 8.82400 , 10.91715
 8.82500 , 10.91765
 8.82600 , 10.91815
 8.82700 , 10.91865
 8.82800 , 10.91915
 8.82900 , 10.91965
 8.83000 , 10.92015
 8.83100 , 10.92065
 8.83200 , 10.92115
 8.83300 , 10.92165
 8.83400 , 10.92215
 8.83500 , 10.92265
 8.83600 , 10.92315
 8.83700 , 10.92365
 8.83800 , 10.92415
 8.83900 , 10.92465
 8.84000 , 10.92515
 8.84100 , 10.92565
 8.84200 , 10.92615
 8.84300 , 10.92665
 8.84400 , 10.92715
 8.84500 , 10.92765
 8.84600 , 10.92815
 8.84700 , 10.92865
 8.84800 , 10.92915
 8.84900 , 10.92965
 8.85000 , 10.93015
 8.85100 , 10.93065
 8.85200 , 10.93115
 8.85300 , 10.93165
 8.85400 , 10.93215
 8.85500 , 10.93265
 8.85600 , 10.93315
 8.85700 , 10.93365
 8.85800 , 10.93415
 8.85900 , 10.93465
 8.86000 , 10.93515
 8.86100 , 10.93565
 8.86200 , 10.93615
 8.86300 , 10.93665
 8.86400 , 10.93715
 8.86500 , 10.93765
 8.86600 , 10.93815
 8.86700 , 10.93865
 8.86800 , 10.93915
 8.86900 , 10.93965
 8.87000 , 10.94015
 8.87100 , 10.94065
 8.87200 , 10.94115
 8.87300 , 10.94165
 8.87400 , 10.94215
 8.87500 , 10.94265
 8.87600 , 10.94315
 8.87700 , 10.94365
 8.87800 , 10.94415
 8.87900 , 10.94465
 8.88000 , 10.94515
 8.88100 , 10.94565
 8.88200 , 10.94615
 8.88300 , 10.94665
 8.88400 , 10.94715
 8.88500 , 10.94765
 8.88600 , 10.94815
 8.88700 , 10.94865
 8.88800 , 10.94915
 8.88900 , 10.94965
 8.89000 , 10.95015
 8.89100 , 10.95065
 8.89200 , 10.95115
 8.89300 , 10.95165
 8.89400 , 10.95215
 8.89500 , 10.95265
 8.89600 , 10.95315
 8.89700 , 10.95365
 8.89800 , 10.95415
 8.89900 , 10.95465
 8.90000 , 10.95515
 8.90100 , 10.95565
 8.90200 , 10.95615
 8.90300 , 10.95665
 8.90400 , 10.95715
 8.90500 , 10.95765
 8.90600 , 10.95815
 8.90700 , 10.95865
 8.90800 , 10.95915
 8.90900 , 10.95965
 8.91000 , 10.96015
 8.91100 , 10.96065
 8.91200 , 10.96115
 8.91300 , 10.96165
 8.91400 , 10.96215
 8.91500 , 10.96265
 8.91600 , 10.96315
 8.91700 , 10.96365
 8.91800 , 10.96415
 8.91900 , 10.96465
 8.92000 , 10.96515
 8.92100 , 10.96565
 8.92200 , 10.96615
 8.92300 , 10.96665
 8.92400 , 10.96715
 8.92500 , 10.96765
 8.92600 , 10.96815
 8.92700 , 10.96865
 8.92800 , 10.96915
 8.92900 , 10.96965
 8.93000 , 10.97015
 8.93100 , 10.97065
 8.93200 , 10.97115
 8.93300 , 10.97165
 8.93400 , 10.97215
 8.93500 , 10.97265
 8.93600 , 10.97315
 8.93700 , 10.97365
 8.93800 , 10.97415
 8.93900 , 10.97465
 8.94000 , 10.97515
 8.94100 , 10.97565
 8.94200 , 10.97615
 8.94300 , 10.97665
 8.94400 , 10.97715
 8.94500 , 10.97765
 8.94600 , 10.97815
 8.94700 , 10.97865
 8.94800 , 10.97915
 8.94900 , 10.97965
 8.95000 , 10.98015
 8.95100 , 10.98065
 8.95200 , 10.98115
 8.95300 , 10.98165
 8.95400 , 10.98215
 8.95500 , 10.98265
 8.95600 , 10.98315
 8.95700 , 10.98365
 8.95800 , 10.98415
 8.95900 , 10.98465
 8.96000 , 10.98515
 8.96100 , 10.98565
 8.96200 , 10.98615
 8.96300 , 10.98665
 8.96400 , 10.98715
 8.96500 , 10.98765
 8.96600 , 10.98815
 8.96700 , 10.98865
 8.96708 , 10.98874
 8.96808 , 10.98924
 8.96908 , 10.98974
 8.97008 , 10.99024
 8.97108 , 10.99074
 8.97208 , 10.99124
 8.97308 , 10.99174
 8.97408 , 10.99224
 8.97508 , 10.99274
 8.97608 , 10.99325
 8.97708 , 10.99375
 8.97808 , 10.99425
 8.97908 , 10.99475
 8.98008 , 10.99526
 8.98108 , 10.99576
 8.98208 , 10.99626
 8.98308 , 10.99677
 8.98408 , 10.99727
 8.98508 , 10.99777
 8.98608 , 10.99828
 8.98708 , 10.99878
 8.98808 , 10.99929
 8.98908 , 10.99979
 8.99008 , 11.00030
 8.99108 , 11.00080
 8.99208 , 11.00131
 8.99308 , 11.00181
 8.99408 , 11.00232
 8.99508 , 11.00282
 8.99608 , 11.00333
 8.99708 , 11.00384
 8.99808 , 11.00434
 8.99908 , 11.00485
 9.00008 , 11.00536
 9.00108 , 11.00587
 9.00208 , 11.00637
 9.00308 , 11.00688
 9.00408 , 11.00739
 9.00508 , 11.00790
 9.00608 , 11.00841
 9.00708 , 11.00891
 9.00808 , 11.00942
 9.00908 , 11.00993
 9.01008 , 11.01044
 9.01108 , 11.01095
 9.01208 , 11.01146
 9.01308 , 11.01197
 9.01408 , 11.01248
 9.01508 , 11.01299
 9.01608 , 11.01350
 9.01708 , 11.01401
 9.01808 , 11.01453
 9.01908 , 11.01504
 9.02008 , 11.01555
 9.02108 , 11.01606
 9.02208 , 11.01657
 9.02308 , 11.01708
 9.02408 , 11.01760
 9.02508 , 11.01811
 9.02608 , 11.01862
 9.02708 , 11.01914
 9.02808 , 11.01965
 9.02908 , 11.02016
 9.03008 , 11.02068
 9.03108 , 11.02119
 9.03208 , 11.02171
 9.03308 , 11.02222
 9.03408 , 11.02273
 9.03508 , 11.02325
 9.03608 , 11.02376
 9.03708 , 11.02428
 9.03808 , 11.02480
 9.03908 , 11.02531
 9.04008 , 11.02583
 9.04108 , 11.02634
 9.04208 , 11.02686
 9.04308 , 11.02738
 9.04408 , 11.02789
 9.04508 , 11.02841
 9.04608 , 11.02893
 9.04708 , 11.02945
 9.04808 , 11.02996
 9.04908 , 11.03048
 9.05008 , 11.03100
 9.05108 , 11.03152
 9.05208 , 11.03204
 9.05308 , 11.03256
 9.05408 , 11.03308
 9.05508 , 11.03360
 9.05608 , 11.03412
 9.05708 , 11.03464
 9.05808 , 11.03516
 9.05908 , 11.03568
 9.06008 , 11.03620
 9.06108 , 11.03672
 9.06208 , 11.03724
 9.06308 , 11.03776
 9.06408 , 11.03828
 9.06508 , 11.03880
 9.06608 , 11.03933
 9.06708 , 11.03985
 9.06808 , 11.04037
 9.06908 , 11.04089
 9.07008 , 11.04142
 9.07108 , 11.04194
 9.07208 , 11.04246
 9.07308 , 11.04299
 9.07408 , 11.04351
 9.07508 , 11.04403
 9.07608 , 11.04456
 9.07708 , 11.04508
 9.07808 , 11.04561
 9.07908 , 11.04613
 9.08008 , 11.04666
 9.08108 , 11.04718
 9.08208 , 11.04771
 9.08308 , 11.04823
 9.08408 , 11.04876
 9.08508 , 11.04929
 9.08608 , 11.04981
 9.08708 , 11.05034
 9.08808 , 11.05087
 9.08908 , 11.05139
 9.09008 , 11.05192
 9.09108 , 11.05245
 9.09208 , 11.05298
 9.09308 , 11.05350
 9.09408 , 11.05403
 9.09508 , 11.05456
 9.09608 , 11.05509
 9.09708 , 11.05562
 9.09808 , 11.05615
 9.09908 , 11.05668
 9.10008 , 11.05721
 9.10108 , 11.05774
 9.10208 , 11.05827
 9.10308 , 11.05880
 9.10408 , 11.05933
 9.10508 , 11.05986
 9.10608 , 11.06039
 9.10708 , 11.06092
 9.10808 , 11.06145
 9.10908 , 11.06198
 9.11008 , 11.06252
 9.11108 , 11.06305
 9.11208 , 11.06358
 9.11308 , 11.06411
 9.11408 , 11.06465
 9.11508 , 11.06518
 9.11608 , 11.06571
 9.11708 , 11.06625
 9.11808 , 11.06678
 9.11908 , 11.06731
 9.12008 , 11.06785
 9.12108 , 11.06838
 9.12208 , 11.06892
 9.12308 , 11.06945
 9.12408 , 11.06999
 9.12508 , 11.07052
 9.12608 , 11.07106
 9.12708 , 11.07160
 9.12808 , 11.07213
 9.12908 , 11.07267
 9.13008 , 11.07320
 9.13108 , 11.07374
 9.13208 , 11.07428
 9.13308 , 11.07482
 9.13408 , 11.07535
 9.13508 , 11.07589
 9.13608 , 11.07643
 9.13708 , 11.07697
 9.13808 , 11.07750
 9.13908 , 11.07804
 9.14008 , 11.07858
 9.14108 , 11.07912
 9.14208 , 11.07966
 9.14308 , 11.08020
 9.14408 , 11.08074
 9.14508 , 11.08128
 9.14608 , 11.08182
 9.14708 , 11.08236
 9.14808 , 11.08290
 9.14908 , 11.08344
 9.15008 , 11.08398
 9.15108 , 11.08453
 9.15208 , 11.08507
 9.15308 , 11.08561
 9.15408 , 11.08615
 9.15508 , 11.08669
 9.15608 , 11.08724
 9.15708 , 11.08778
 9.15808 , 11.08832
 9.15908 , 11.08886
 9.16008 , 11.08941
 9.16108 , 11.08995
 9.16208 , 11.09050
 9.16308 , 11.09104
 9.16408 , 11.09158
 9.16508 , 11.09213
 9.16608 , 11.09267
 9.16708 , 11.09322
 9.16808 , 11.09376
 9.16908 , 11.09431
 9.17008 , 11.09486
 9.17108 , 11.09540
 9.17208 , 11.09595
 9.17308 , 11.09649
 9.17408 , 11.09704
 9.17508 , 11.09759
 9.17608 , 11.09814
 9.17708 , 11.09868
 9.17808 , 11.09923
 9.17908 , 11.09978
 9.18008 , 11.10033
 9.18108 , 11.10088
 9.18208 , 11.10142
 9.18308 , 11.10197
 9.18408 , 11.10252
 9.18508 , 11.10307
 9.18608 , 11.10362
 9.18708 , 11.10417
 9.18808 , 11.10472
 9.18908 , 11.10527
 9.19008 , 11.10582
 9.19108 , 11.10637
 9.19208 , 11.10692
 9.19308 , 11.10747
 9.19408 , 11.10803
 9.19508 , 11.10858
 9.19608 , 11.10913
 9.19708 , 11.10968
 9.19808 , 11.11023
 9.19908 , 11.11079
 9.20008 , 11.11134
 9.20108 , 11.11189
 9.20208 , 11.11245
 9.20308 , 11.11300
 9.20408 , 11.11355
 9.20508 , 11.11411
 9.20608 , 11.11466
 9.20708 , 11.11522
 9.20808 , 11.11577
 9.20908 , 11.11632
 9.21008 , 11.11688
 9.21108 , 11.11744
 9.21208 , 11.11799
 9.21308 , 11.11855
 9.21408 , 11.11910
 9.21508 , 11.11966
 9.21608 , 11.12022
 9.21708 , 11.12077
 9.21808 , 11.12133
 9.21908 , 11.12189
 9.22008 , 11.12244
 9.22108 , 11.12300
 9.22208 , 11.12356
 9.22308 , 11.12412
 9.22408 , 11.12468
 9.22508 , 11.12524
 9.22608 , 11.12580
 9.22708 , 11.12635
 9.22808 , 11.12691
 9.22908 , 11.12747
 9.23008 , 11.12803
 9.23108 , 11.12859
 9.23208 , 11.12915
 9.23308 , 11.12971
 9.23408 , 11.13028
 9.23508 , 11.13084
 9.23608 , 11.13140
 9.23708 , 11.13196
 9.23808 , 11.13252
 9.23908 , 11.13308
 9.24008 , 11.13365
 9.24108 , 11.13421
 9.24208 , 11.13477
 9.24308 , 11.13533
 9.24408 , 11.13590
 9.24508 , 11.13646
 9.24608 , 11.13702
 9.24708 , 11.13759
 9.24808 , 11.13815
 9.24908 , 11.13872
 9.25008 , 11.13928
 9.25108 , 11.13985
 9.25208 , 11.14041
 9.25308 , 11.14098
 9.25408 , 11.14154
 9.25508 , 11.14211
 9.25608 , 11.14267
 9.25708 , 11.14324
 9.25808 , 11.14381
 9.25908 , 11.14437
 9.26008 , 11.14494
 9.26108 , 11.14551
 9.26208 , 11.14608
 9.26308 , 11.14664
 9.26408 , 11.14721
 9.26508 , 11.14778
 9.26608 , 11.14835
 9.26708 , 11.14892
 9.26808 , 11.14949
 9.26908 , 11.15006
 9.27008 , 11.15062
 9.27108 , 11.15119
 9.27208 , 11.15176
 9.27308 , 11.15233
 9.27408 , 11.15291
 9.27508 , 11.15348
 9.27608 , 11.15405
 9.27708 , 11.15462
 9.27808 , 11.15519
 9.27908 , 11.15576
 9.28008 , 11.15633
 9.28108 , 11.15690
 9.28208 , 11.15748
 9.28308 , 11.15805
 9.28408 , 11.15862
 9.28508 , 11.15920
 9.28608 , 11.15977
 9.28708 , 11.16034
 9.28808 , 11.16092
 9.28908 , 11.16149
 9.29008 , 11.16206
 9.29108 , 11.16264
 9.29208 , 11.16321
 9.29308 , 11.16379
 9.29408 , 11.16436
 9.29508 , 11.16494
 9.29608 , 11.16551
 9.29708 , 11.16609
 9.29808 , 11.16667
 9.29908 , 11.16724
 9.30008 , 11.16782
 9.30108 , 11.16840
 9.30208 , 11.16897
 9.30308 , 11.16955
 9.30408 , 11.17013
 9.30508 , 11.17071
 9.30608 , 11.17129
 9.30708 , 11.17186
 9.30808 , 11.17244
 9.30908 , 11.17302
 9.31008 , 11.17360
 9.31108 , 11.17418
 9.31208 , 11.17476
 9.31308 , 11.17534
 9.31408 , 11.17592
 9.31508 , 11.17650
 9.31608 , 11.17708
 9.31708 , 11.17766
 9.31808 , 11.17824
 9.31908 , 11.17882
 9.32008 , 11.17940
 9.32108 , 11.17999
 9.32208 , 11.18057
 9.32308 , 11.18115
 9.32408 , 11.18173
 9.32508 , 11.18232
 9.32608 , 11.18290
 9.32708 , 11.18348
 9.32808 , 11.18407
 9.32908 , 11.18465
 9.33008 , 11.18523
 9.33108 , 11.18582
 9.33208 , 11.18640
 9.33308 , 11.18699
 9.33408 , 11.18757
 9.33508 , 11.18816
 9.33608 , 11.18874
 9.33708 , 11.18933
 9.33808 , 11.18991
 9.33908 , 11.19050
 9.34008 , 11.19109
 9.34108 , 11.19167
 9.34208 , 11.19226
 9.34308 , 11.19285
 9.34408 , 11.19343
 9.34508 , 11.19402
 9.34608 , 11.19461
 9.34708 , 11.19520
 9.34808 , 11.19579
 9.34908 , 11.19638
 9.35008 , 11.19696
 9.35108 , 11.19755
 9.35208 , 11.19814
 9.35308 , 11.19873
 9.35408 , 11.19932
 9.35508 , 11.19991
 9.35608 , 11.20050
 9.35708 , 11.20109
 9.35808 , 11.20168
 9.35908 , 11.20228
 9.36008 , 11.20287
 9.36108 , 11.20346
 9.36208 , 11.20405
 9.36308 , 11.20464
 9.36408 , 11.20523
 9.36508 , 11.20583
 9.36608 , 11.20642
 9.36708 , 11.20701
 9.36808 , 11.20761
 9.36908 , 11.20820
 9.37008 , 11.20879
 9.37108 , 11.20939
 9.37208 , 11.20998
 9.37308 , 11.21058
 9.37408 , 11.21117
 9.37508 , 11.21177
 9.37608 , 11.21236
 9.37708 , 11.21296
 9.37808 , 11.21355
 9.37908 , 11.21415
 9.38008 , 11.21475
 9.38108 , 11.21534
 9.38208 , 11.21594
 9.38308 , 11.21654
 9.38408 , 11.21713
 9.38508 , 11.21773
 9.38608 , 11.21833
 9.38708 , 11.21893
 9.38808 , 11.21953
 9.38908 , 11.22012
 9.39008 , 11.22072
 9.39108 , 11.22132
 9.39208 , 11.22192
 9.39308 , 11.22252
 9.39408 , 11.22312
 9.39508 , 11.22372
 9.39608 , 11.22432
 9.39708 , 11.22492
 9.39808 , 11.22552
 9.39908 , 11.22612
 9.40008 , 11.22672
 9.40108 , 11.22733
 9.40208 , 11.22793
 9.40308 , 11.22853
 9.40408 , 11.22913
 9.40508 , 11.22973
 9.40608 , 11.23034
 9.40708 , 11.23094
 9.40808 , 11.23154
 9.40908 , 11.23215
 9.41008 , 11.23275
 9.41108 , 11.23336
 9.41208 , 11.23396
 9.41308 , 11.23456
 9.41408 , 11.23517
 9.41508 , 11.23577
 9.41608 , 11.23638
 9.41708 , 11.23698
 9.41808 , 11.23759
 9.41908 , 11.23820
 9.42008 , 11.23880
 9.42108 , 11.23941
 9.42208 , 11.24002
 9.42308 , 11.24062
 9.42408 , 11.24123
 9.42508 , 11.24184
 9.42608 , 11.24245
 9.42708 , 11.24305
 9.42808 , 11.24366
 9.42908 , 11.24427
 9.43008 , 11.24488
 9.43108 , 11.24549
 9.43208 , 11.24610
 9.43308 , 11.24671
 9.43408 , 11.24732
 9.43508 , 11.24793
 9.43608 , 11.24854
 9.43708 , 11.24915
 9.43808 , 11.24976
 9.43908 , 11.25037
 9.44008 , 11.25098
 9.44108 , 11.25159
 9.44208 , 11.25221
 9.44308 , 11.25282
 9.44408 , 11.25343
 9.44508 , 11.25404
 9.44608 , 11.25466
 9.44708 , 11.25527
 9.44808 , 11.25588
 9.44908 , 11.25650
 9.45008 , 11.25711
 9.45108 , 11.25772
 9.45208 , 11.25834
 9.45308 , 11.25895
 9.45408 , 11.25957
 9.45508 , 11.26018
 9.45608 , 11.26080
 9.45708 , 11.26141
 9.45808 , 11.26203
 9.45908 , 11.26265
 9.46008 , 11.26326
 9.46108 , 11.26388
 9.46208 , 11.26450
 9.46308 , 11.26511
 9.46408 , 11.26573
 9.46508 , 11.26635
 9.46608 , 11.26697
 9.46708 , 11.26758
 9.46808 , 11.26820
 9.46908 , 11.26882
 9.47008 , 11.26944
 9.47108 , 11.27006
 9.47208 , 11.27068
 9.47308 , 11.27130
 9.47408 , 11.27192
 9.47508 , 11.27254
 9.47608 , 11.27316
 9.47708 , 11.27378
 9.47808 , 11.27440
 9.47908 , 11.27502
 9.48008 , 11.27565
 9.48108 , 11.27627
 9.48208 , 11.27689
 9.48308 , 11.27751
 9.48408 , 11.27813
 9.48508 , 11.27876
 9.48608 , 11.27938
 9.48708 , 11.28000
 9.48808 , 11.28063
 9.48908 , 11.28125
 9.49008 , 11.28188
 9.49108 , 11.28250
 9.49208 , 11.28312
 9.49308 , 11.28375
 9.49408 , 11.28437
 9.49508 , 11.28500
 9.49608 , 11.28563
 9.49708 , 11.28625
 9.49808 , 11.28688
 9.49908 , 11.28750
 9.50008 , 11.28813
 9.50108 , 11.28876
 9.50208 , 11.28939
 9.50308 , 11.29001
 9.50408 , 11.29064
 9.50508 , 11.29127
 9.50608 , 11.29190
 9.50708 , 11.29253
 9.50808 , 11.29315
 9.50908 , 11.29378
 9.51008 , 11.29441
 9.51108 , 11.29504
 9.51208 , 11.29567
 9.51308 , 11.29630
 9.51408 , 11.29693
 9.51508 , 11.29756
 9.51608 , 11.29819
 9.51708 , 11.29882
 9.51808 , 11.29946
 9.51908 , 11.30009
 9.52008 , 11.30072
 9.52108 , 11.30135
 9.52208 , 11.30198
 9.52308 , 11.30262
 9.52408 , 11.30325
 9.52508 , 11.30388
 9.52608 , 11.30452
 9.52708 , 11.30515
 9.52808 , 11.30578
 9.52908 , 11.30642
 9.53008 , 11.30705
 9.53108 , 11.30769
 9.53208 , 11.30832
 9.53308 , 11.30896
 9.53408 , 11.30959
 9.53508 , 11.31023
 9.53608 , 11.31087
 9.53708 , 11.31150
 9.53808 , 11.31214
 9.53908 , 11.31278
 9.54008 , 11.31341
 9.54108 , 11.31405
 9.54208 , 11.31469
 9.54308 , 11.31533
 9.54408 , 11.31596
 9.54508 , 11.31660
 9.54608 , 11.31724
 9.54708 , 11.31788
 9.54808 , 11.31852
 9.54908 , 11.31916
 9.55008 , 11.31980
 9.55108 , 11.32044
 9.55208 , 11.32108
 9.55308 , 11.32172
 9.55408 , 11.32236
 9.55508 , 11.32300
 9.55608 , 11.32364
 9.55708 , 11.32429
 9.55808 , 11.32493
 9.55908 , 11.32557
 9.56008 , 11.32621
 9.56108 , 11.32685
 9.56208 , 11.32750
 9.56308 , 11.32814
 9.56408 , 11.32878
 9.56508 , 11.32943
 9.56608 , 11.33007
 9.56708 , 11.33072
 9.56808 , 11.33136
 9.56908 , 11.33201
 9.57008 , 11.33265
 9.57108 , 11.33330
 9.57208 , 11.33394
 9.57308 , 11.33459
 9.57408 , 11.33523
 9.57508 , 11.33588
 9.57608 , 11.33653
 9.57708 , 11.33717
 9.57808 , 11.33782
 9.57908 , 11.33847
 9.58008 , 11.33912
 9.58108 , 11.33976
 9.58208 , 11.34041
 9.58308 , 11.34106
 9.58408 , 11.34171
 9.58508 , 11.34236
 9.58608 , 11.34301
 9.58708 , 11.34366
 9.58808 , 11.34431
 9.58908 , 11.34496
 9.59008 , 11.34561
 9.59108 , 11.34626
 9.59208 , 11.34691
 9.59308 , 11.34756
 9.59408 , 11.34821
 9.59508 , 11.34886
 9.59608 , 11.34952
 9.59708 , 11.35017
 9.59808 , 11.35082
 9.59908 , 11.35147
 9.60008 , 11.35213
 9.60108 , 11.35278
 9.60208 , 11.35343
 9.60308 , 11.35409
 9.60408 , 11.35474
 9.60508 , 11.35540
 9.60608 , 11.35605
 9.60708 , 11.35671
 9.60808 , 11.35736
 9.60908 , 11.35802
 9.61008 , 11.35867
 9.61108 , 11.35933
 9.61208 , 11.35998
 9.61308 , 11.36064
 9.61408 , 11.36130
 9.61508 , 11.36195
 9.61608 , 11.36261
 9.61708 , 11.36327
 9.61808 , 11.36393
 9.61908 , 11.36459
 9.62008 , 11.36524
 9.62108 , 11.36590
 9.62208 , 11.36656
 9.62308 , 11.36722
 9.62408 , 11.36788
 9.62508 , 11.36854
 9.62608 , 11.36920
 9.62708 , 11.36986
 9.62808 , 11.37052
 9.62908 , 11.37118
 9.63008 , 11.37184
 9.63108 , 11.37251
 9.63208 , 11.37317
 9.63308 , 11.37383
 9.63408 , 11.37449
 9.63508 , 11.37515
 9.63608 , 11.37582
 9.63708 , 11.37648
 9.63808 , 11.37714
 9.63908 , 11.37781
 9.64008 , 11.37847
 9.64108 , 11.37913
 9.64208 , 11.37980
 9.64308 , 11.38046
 9.64408 , 11.38113
 9.64508 , 11.38179
 9.64608 , 11.38246
 9.64708 , 11.38313
 9.64808 , 11.38379
 9.64908 , 11.38446
 9.65008 , 11.38512
 9.65108 , 11.38579
 9.65208 , 11.38646
 9.65308 , 11.38713
 9.65408 , 11.38779
 9.65508 , 11.38846
 9.65608 , 11.38913
 9.65708 , 11.38980
 9.65808 , 11.39047
 9.65908 , 11.39114
 9.66008 , 11.39181
 9.66108 , 11.39248
 9.66208 , 11.39314
 9.66308 , 11.39382
 9.66408 , 11.39449
 9.66508 , 11.39516
 9.66608 , 11.39583
 9.66708 , 11.39650
 9.66808 , 11.39717
 9.66908 , 11.39784
 9.67008 , 11.39851
 9.67108 , 11.39919
 9.67208 , 11.39986
 9.67308 , 11.40053
 9.67408 , 11.40121
 9.67508 , 11.40188
 9.67608 , 11.40255
 9.67708 , 11.40323
 9.67808 , 11.40390
 9.67908 , 11.40458
 9.68008 , 11.40525
 9.68108 , 11.40593
 9.68208 , 11.40660
 9.68308 , 11.40728
 9.68408 , 11.40795
 9.68508 , 11.40863
 9.68608 , 11.40931
 9.68708 , 11.40998
 9.68808 , 11.41066
 9.68908 , 11.41134
 9.69008 , 11.41201
 9.69108 , 11.41269
 9.69208 , 11.41337
 9.69308 , 11.41405
 9.69408 , 11.41473
 9.69508 , 11.41541
 9.69608 , 11.41609
 9.69708 , 11.41677
 9.69808 , 11.41745
 9.69908 , 11.41813
 9.70008 , 11.41881
 9.70108 , 11.41949
 9.70208 , 11.42017
 9.70308 , 11.42085
 9.70408 , 11.42153
 9.70508 , 11.42221
 9.70608 , 11.42289
 9.70708 , 11.42358
 9.70808 , 11.42426
 9.70908 , 11.42494
 9.71008 , 11.42563
 9.71108 , 11.42631
 9.71208 , 11.42699
 9.71308 , 11.42768
 9.71408 , 11.42836
 9.71508 , 11.42905
 9.71608 , 11.42973
 9.71708 , 11.43042
 9.71808 , 11.43110
 9.71908 , 11.43179
 9.72008 , 11.43247
 9.72108 , 11.43316
 9.72208 , 11.43385
 9.72308 , 11.43453
 9.72408 , 11.43522
 9.72508 , 11.43591
 9.72608 , 11.43659
 9.72708 , 11.43728
 9.72808 , 11.43797
 9.72908 , 11.43866
 9.73008 , 11.43935
 9.73108 , 11.44004
 9.73208 , 11.44073
 9.73308 , 11.44142
 9.73408 , 11.44211
 9.73508 , 11.44280
 9.73608 , 11.44349
 9.73708 , 11.44418
 9.73808 , 11.44487
 9.73908 , 11.44556
 9.74008 , 11.44625
 9.74108 , 11.44694
 9.74208 , 11.44764
 9.74308 , 11.44833
 9.74408 , 11.44902
 9.74508 , 11.44971
 9.74608 , 11.45041
 9.74708 , 11.45110
 9.74808 , 11.45179
 9.74908 , 11.45249
 9.75008 , 11.45318
 9.75108 , 11.45388
 9.75208 , 11.45457
 9.75308 , 11.45527
 9.75408 , 11.45596
 9.75508 , 11.45666
 9.75608 , 11.45736
 9.75708 , 11.45805
 9.75808 , 11.45875
 9.75908 , 11.45945
 9.76008 , 11.46014
 9.76108 , 11.46084
 9.76208 , 11.46154
 9.76308 , 11.46224
 9.76408 , 11.46294
 9.76508 , 11.46363
 9.76608 , 11.46433
 9.76708 , 11.46503
 9.76808 , 11.46573
 9.76908 , 11.46643
 9.77008 , 11.46713
 9.77108 , 11.46783
 9.77208 , 11.46853
 9.77308 , 11.46924
 9.77408 , 11.46994
 9.77508 , 11.47064
 9.77608 , 11.47134
 9.77708 , 11.47204
 9.77808 , 11.47274
 9.77908 , 11.47345
 9.78008 , 11.47415
 9.78108 , 11.47485
 9.78208 , 11.47556
 9.78308 , 11.47626
 9.78408 , 11.47697
 9.78508 , 11.47767
 9.78608 , 11.47837
 9.78708 , 11.47908
 9.78808 , 11.47979
 9.78908 , 11.48049
 9.79008 , 11.48120
 9.79108 , 11.48190
 9.79208 , 11.48261
 9.79308 , 11.48332
 9.79408 , 11.48402
 9.79508 , 11.48473
 9.79608 , 11.48544
 9.79708 , 11.48615
 9.79808 , 11.48685
 9.79908 , 11.48756
 9.80008 , 11.48827
 9.80108 , 11.48898
 9.80208 , 11.48969
 9.80308 , 11.49040
 9.80408 , 11.49111
 9.80508 , 11.49182
 9.80608 , 11.49253
 9.80708 , 11.49324
 9.80808 , 11.49395
 9.80908 , 11.49466
 9.81008 , 11.49538
 9.81108 , 11.49609
 9.81208 , 11.49680
 9.81308 , 11.49751
 9.81408 , 11.49823
 9.81508 , 11.49894
 9.81608 , 11.49965
 9.81708 , 11.50037
 9.81808 , 11.50108
 9.81908 , 11.50180
 9.82008 , 11.50251
 9.82108 , 11.50322
 9.82208 , 11.50394
 9.82308 , 11.50466
 9.82408 , 11.50537
 9.82508 , 11.50609
 9.82608 , 11.50680
 9.82708 , 11.50752
 9.82808 , 11.50824
 9.82908 , 11.50895
 9.83008 , 11.50967
 9.83108 , 11.51039
 9.83208 , 11.51111
 9.83308 , 11.51183
 9.83408 , 11.51255
 9.83508 , 11.51326
 9.83608 , 11.51398
 9.83708 , 11.51470
 9.83808 , 11.51542
 9.83908 , 11.51614
 9.84008 , 11.51686
 9.84108 , 11.51759
 9.84208 , 11.51831
 9.84308 , 11.51903
 9.84408 , 11.51975
 9.84508 , 11.52047
 9.84608 , 11.52119
 9.84708 , 11.52192
 9.84808 , 11.52264
 9.84908 , 11.52336
 9.85008 , 11.52409
 9.85108 , 11.52481
 9.85208 , 11.52553
 9.85308 , 11.52626
 9.85408 , 11.52698
 9.85508 , 11.52771
 9.85608 , 11.52843
 9.85708 , 11.52916
 9.85808 , 11.52988
 9.85908 , 11.53061
 9.86008 , 11.53134
 9.86108 , 11.53206
 9.86208 , 11.53279
 9.86308 , 11.53352
 9.86408 , 11.53425
 9.86508 , 11.53497
 9.86608 , 11.53570
 9.86708 , 11.53643
 9.86808 , 11.53716
 9.86908 , 11.53789
 9.87008 , 11.53862
 9.87108 , 11.53935
 9.87208 , 11.54008
 9.87308 , 11.54081
 9.87408 , 11.54154
 9.87508 , 11.54227
 9.87608 , 11.54300
 9.87708 , 11.54373
 9.87808 , 11.54446
 9.87908 , 11.54520
 9.88008 , 11.54593
 9.88108 , 11.54666
 9.88208 , 11.54739
 9.88308 , 11.54813
 9.88408 , 11.54886
 9.88508 , 11.54960
 9.88608 , 11.55033
 9.88708 , 11.55106
 9.88808 , 11.55180
 9.88908 , 11.55253
 9.89008 , 11.55327
 9.89108 , 11.55400
 9.89208 , 11.55474
 9.89308 , 11.55548
 9.89408 , 11.55621
 9.89508 , 11.55695
 9.89608 , 11.55769
 9.89708 , 11.55843
 9.89808 , 11.55916
 9.89908 , 11.55990
 9.90008 , 11.56064
 9.90108 , 11.56138
 9.90208 , 11.56212
 9.90308 , 11.56286
 9.90408 , 11.56360
 9.90508 , 11.56434
 9.90608 , 11.56508
 9.90708 , 11.56582
 9.90808 , 11.56656
 9.90908 , 11.56730
 9.91008 , 11.56804
 9.91108 , 11.56878
 9.91208 , 11.56952
 9.91308 , 11.57027
 9.91408 , 11.57101
 9.91508 , 11.57175
 9.91608 , 11.57250
 9.91708 , 11.57324
 9.91808 , 11.57398
 9.91908 , 11.57473
 9.92008 , 11.57547
 9.92108 , 11.57622
 9.92208 , 11.57696
 9.92308 , 11.57771
 9.92408 , 11.57845
 9.92508 , 11.57920
 9.92608 , 11.57995
 9.92708 , 11.58069
 9.92808 , 11.58144
 9.92908 , 11.58219
 9.93008 , 11.58293
 9.93108 , 11.58368
 9.93208 , 11.58443
 9.93308 , 11.58518
 9.93408 , 11.58593
 9.93508 , 11.58668
 9.93608 , 11.58743
 9.93708 , 11.58818
 9.93800 , 11.58924
 9.93900 , 11.58999
 9.94000 , 11.59074
 9.94100 , 11.59149
 9.94200 , 11.59225
 9.94300 , 11.59300
 9.94400 , 11.59375
 9.94500 , 11.59450
 9.94600 , 11.59526
 9.94700 , 11.59601
 9.94800 , 11.59677
 9.94900 , 11.59752
 9.95000 , 11.59828
 9.95100 , 11.59903
 9.95200 , 11.59979
 9.95300 , 11.60054
 9.95400 , 11.60130
 9.95500 , 11.60206
 9.95600 , 11.60282
 9.95700 , 11.60357
 9.95800 , 11.60433
 9.95900 , 11.60509
 9.96000 , 11.60585
 9.96100 , 11.60661
 9.96200 , 11.60737
 9.96300 , 11.60813
 9.96400 , 11.60889
 9.96500 , 11.60966
 9.96600 , 11.61042
 9.96700 , 11.61118
 9.96800 , 11.61194
 9.96900 , 11.61271
 9.97000 , 11.61347
 9.97100 , 11.61423
 9.97200 , 11.61500
 9.97300 , 11.61576
 9.97400 , 11.61653
 9.97500 , 11.61730
 9.97600 , 11.61806
 9.97700 , 11.61883
 9.97800 , 11.61960
 9.97900 , 11.62036
 9.98000 , 11.62113
 9.98100 , 11.62190
 9.98200 , 11.62267
 9.98300 , 11.62344
 9.98400 , 11.62421
 9.98500 , 11.62498
 9.98600 , 11.62575
 9.98700 , 11.62652
 9.98800 , 11.62729
 9.98900 , 11.62807
 9.99000 , 11.62884
 9.99100 , 11.62961
 9.99200 , 11.63039
 9.99300 , 11.63116
 9.99400 , 11.63193
 9.99500 , 11.63271
 9.99600 , 11.63348
 9.99700 , 11.63426
 9.99800 , 11.63504
 9.99900 , 11.63581
10.00000 , 11.63659
10.00100 , 11.63737
10.00200 , 11.63814
10.00300 , 11.63892
10.00400 , 11.63970
10.00500 , 11.64048
10.00600 , 11.64126
10.00700 , 11.64204
10.00800 , 11.64282
10.00900 , 11.64360
10.01000 , 11.64438
10.01100 , 11.64517
10.01200 , 11.64595
10.01300 , 11.64673
10.01400 , 11.64751
10.01500 , 11.64830
10.01600 , 11.64908
10.01700 , 11.64987
10.01800 , 11.65065
10.01900 , 11.65144
10.02000 , 11.65222
10.02100 , 11.65301
10.02200 , 11.65380
10.02300 , 11.65458
10.02400 , 11.65537
10.02500 , 11.65616
10.02600 , 11.65695
10.02700 , 11.65774
10.02800 , 11.65853
10.02900 , 11.65932
10.03000 , 11.66011
10.03100 , 11.66090
10.03200 , 11.66169
10.03300 , 11.66248
10.03400 , 11.66327
10.03500 , 11.66407
10.03600 , 11.66486
10.03700 , 11.66565
10.03800 , 11.66645
10.03900 , 11.66724
10.04000 , 11.66804
10.04100 , 11.66883
10.04200 , 11.66963
10.04300 , 11.67042
10.04400 , 11.67122
10.04500 , 11.67202
10.04600 , 11.67282
10.04700 , 11.67361
10.04800 , 11.67441
10.04900 , 11.67521
10.05000 , 11.67601
10.05100 , 11.67681
10.05200 , 11.67761
10.05300 , 11.67841
10.05400 , 11.67922
10.05500 , 11.68002
10.05600 , 11.68082
10.05700 , 11.68162
10.05800 , 11.68243
10.05900 , 11.68323
10.06000 , 11.68403
10.06100 , 11.68484
10.06200 , 11.68564
10.06300 , 11.68645
10.06400 , 11.68725
10.06500 , 11.68806
10.06600 , 11.68887
10.06700 , 11.68968
10.06800 , 11.69048
10.06900 , 11.69129
10.07000 , 11.69210
10.07100 , 11.69291
10.07200 , 11.69372
10.07300 , 11.69453
10.07400 , 11.69534
10.07500 , 11.69615
10.07600 , 11.69696
10.07700 , 11.69777
10.07800 , 11.69859
10.07900 , 11.69940
10.08000 , 11.70021
10.08100 , 11.70103
10.08200 , 11.70184
10.08300 , 11.70266
10.08400 , 11.70347
10.08500 , 11.70429
10.08600 , 11.70510
10.08700 , 11.70592
10.08800 , 11.70674
10.08900 , 11.70756
10.09000 , 11.70837
10.09100 , 11.70919
10.09200 , 11.71001
10.09300 , 11.71083
10.09400 , 11.71165
10.09500 , 11.71247
10.09600 , 11.71329
10.09700 , 11.71411
10.09800 , 11.71494
10.09900 , 11.71576
10.10000 , 11.71658
10.10100 , 11.71740
10.10200 , 11.71823
10.10300 , 11.71905
10.10400 , 11.71988
10.10500 , 11.72070
10.10600 , 11.72153
10.10700 , 11.72235
10.10800 , 11.72318
10.10900 , 11.72401
10.11000 , 11.72484
10.11100 , 11.72566
10.11200 , 11.72649
10.11300 , 11.72732
10.11400 , 11.72815
10.11500 , 11.72898
10.11600 , 11.72981
10.11700 , 11.73064
10.11800 , 11.73147
10.11900 , 11.73231
10.12000 , 11.73314
10.12100 , 11.73397
10.12200 , 11.73480
10.12300 , 11.73564
10.12400 , 11.73647
10.12500 , 11.73731
10.12600 , 11.73814
10.12700 , 11.73898
10.12800 , 11.73981
10.12900 , 11.74065
10.13000 , 11.74149
10.13100 , 11.74233
10.13200 , 11.74316
10.13300 , 11.74400
10.13400 , 11.74484
10.13500 , 11.74568
10.13600 , 11.74652
10.13700 , 11.74736
10.13800 , 11.74820
10.13900 , 11.74905
10.14000 , 11.74989
10.14100 , 11.75073
10.14200 , 11.75157
10.14300 , 11.75242
10.14400 , 11.75326
10.14500 , 11.75411
10.14600 , 11.75495
10.14700 , 11.75580
10.14800 , 11.75664
10.14900 , 11.75749
10.15000 , 11.75834
10.15100 , 11.75918
10.15200 , 11.76003
10.15300 , 11.76088
10.15400 , 11.76173
10.15500 , 11.76258
10.15600 , 11.76343
10.15700 , 11.76428
10.15800 , 11.76513
10.15900 , 11.76598
10.16000 , 11.76683
10.16100 , 11.76768
10.16200 , 11.76854
10.16300 , 11.76939
10.16400 , 11.77024
10.16500 , 11.77110
10.16600 , 11.77195
10.16700 , 11.77281
10.16800 , 11.77367
10.16900 , 11.77452
10.17000 , 11.77538
10.17100 , 11.77624
10.17200 , 11.77709
10.17300 , 11.77795
10.17400 , 11.77881
10.17500 , 11.77967
10.17600 , 11.78053
10.17700 , 11.78139
10.17800 , 11.78225
10.17900 , 11.78311
10.18000 , 11.78397
10.18100 , 11.78484
10.18200 , 11.78570
10.18300 , 11.78656
10.18400 , 11.78743
10.18500 , 11.78829
10.18600 , 11.78916
10.18700 , 11.79002
10.18800 , 11.79089
10.18900 , 11.79175
10.19000 , 11.79262
10.19100 , 11.79349
10.19200 , 11.79436
10.19300 , 11.79522
10.19400 , 11.79609
10.19500 , 11.79696
10.19600 , 11.79783
10.19700 , 11.79870
10.19800 , 11.79957
10.19900 , 11.80045
10.20000 , 11.80132
10.20100 , 11.80219
10.20200 , 11.80306
10.20300 , 11.80394
10.20400 , 11.80481
10.20500 , 11.80569
10.20600 , 11.80656
10.20700 , 11.80744
10.20800 , 11.80831
10.20900 , 11.80919
10.21000 , 11.81007
10.21100 , 11.81094
10.21200 , 11.81182
10.21300 , 11.81270
10.21400 , 11.81358
10.21500 , 11.81446
10.21600 , 11.81534
10.21700 , 11.81622
10.21800 , 11.81710
10.21900 , 11.81798
10.22000 , 11.81887
10.22100 , 11.81975
10.22200 , 11.82063
10.22300 , 11.82152
10.22400 , 11.82240
10.22500 , 11.82328
10.22600 , 11.82417
10.22700 , 11.82506
10.22800 , 11.82594
10.22900 , 11.82683
10.23000 , 11.82772
10.23100 , 11.82860
10.23200 , 11.82949
10.23300 , 11.83038
10.23400 , 11.83127
10.23500 , 11.83216
10.23600 , 11.83305
10.23700 , 11.83394
10.23800 , 11.83484
10.23900 , 11.83573
10.24000 , 11.83662
10.24100 , 11.83751
10.24200 , 11.83841
10.24300 , 11.83930
10.24400 , 11.84020
10.24500 , 11.84109
10.24600 , 11.84199
10.24700 , 11.84288
10.24800 , 11.84378
10.24900 , 11.84468
10.25000 , 11.84558
10.25100 , 11.84647
10.25200 , 11.84737
10.25300 , 11.84827
10.25400 , 11.84917
10.25500 , 11.85007
10.25600 , 11.85098
10.25700 , 11.85188
10.25800 , 11.85278
10.25900 , 11.85368
10.26000 , 11.85459
10.26100 , 11.85549
10.26200 , 11.85639
10.26300 , 11.85730
10.26400 , 11.85820
10.26500 , 11.85911
10.26600 , 11.86002
10.26700 , 11.86092
10.26800 , 11.86183
10.26900 , 11.86274
10.27000 , 11.86365
10.27100 , 11.86456
10.27200 , 11.86547
10.27300 , 11.86638
10.27400 , 11.86729
10.27500 , 11.86820
10.27600 , 11.86911
10.27700 , 11.87002
10.27800 , 11.87094
10.27900 , 11.87185
10.28000 , 11.87276
10.28100 , 11.87368
10.28200 , 11.87459
10.28300 , 11.87551
10.28400 , 11.87643
10.28500 , 11.87734
10.28600 , 11.87826
10.28700 , 11.87918
10.28800 , 11.88010
10.28900 , 11.88101
10.29000 , 11.88193
10.29100 , 11.88285
10.29200 , 11.88378
10.29300 , 11.88470
10.29400 , 11.88562
10.29500 , 11.88654
10.29600 , 11.88746
10.29700 , 11.88839
10.29800 , 11.88931
10.29900 , 11.89023
10.30000 , 11.89116
10.30100 , 11.89209
10.30200 , 11.89301
10.30300 , 11.89394
10.30400 , 11.89487
10.30500 , 11.89579
10.30600 , 11.89672
10.30700 , 11.89765
10.30800 , 11.89858
10.30900 , 11.89951
10.31000 , 11.90044
10.31100 , 11.90137
10.31200 , 11.90230
10.31300 , 11.90324
10.31400 , 11.90417
10.31500 , 11.90510
10.31600 , 11.90604
10.31700 , 11.90697
10.31800 , 11.90790
10.31900 , 11.90884
10.32000 , 11.90978
10.32100 , 11.91071
10.32200 , 11.91165
10.32300 , 11.91259
10.32400 , 11.91353
10.32500 , 11.91447
10.32600 , 11.91540
10.32700 , 11.91635
10.32800 , 11.91729
10.32900 , 11.91823
10.33000 , 11.91917
10.33100 , 11.92011
10.33200 , 11.92105
10.33300 , 11.92200
10.33400 , 11.92294
10.33500 , 11.92389
10.33600 , 11.92483
10.33700 , 11.92578
10.33800 , 11.92672
10.33900 , 11.92767
10.34000 , 11.92862
10.34100 , 11.92957
10.34200 , 11.93051
10.34300 , 11.93146
10.34400 , 11.93241
10.34500 , 11.93336
10.34600 , 11.93431
10.34700 , 11.93527
10.34800 , 11.93622
10.34900 , 11.93717
10.35000 , 11.93812
10.35100 , 11.93908
10.35200 , 11.94003
10.35300 , 11.94099
10.35400 , 11.94194
10.35500 , 11.94290
10.35600 , 11.94385
10.35700 , 11.94481
10.35800 , 11.94577
10.35900 , 11.94673
10.36000 , 11.94769
10.36100 , 11.94865
10.36200 , 11.94961
10.36300 , 11.95057
10.36400 , 11.95153
10.36500 , 11.95249
10.36600 , 11.95345
10.36700 , 11.95442
10.36800 , 11.95538
10.36900 , 11.95634
10.37000 , 11.95731
10.37100 , 11.95827
10.37200 , 11.95924
10.37300 , 11.96021
10.37400 , 11.96117
10.37500 , 11.96214
10.37600 , 11.96311
10.37700 , 11.96408
10.37800 , 11.96505
10.37900 , 11.96602
10.38000 , 11.96699
10.38100 , 11.96796
10.38200 , 11.96893
10.38300 , 11.96990
10.38400 , 11.97088
10.38500 , 11.97185
10.38600 , 11.97283
10.38700 , 11.97380
10.38800 , 11.97478
10.38900 , 11.97575
10.39000 , 11.97673
10.39100 , 11.97771
10.39200 , 11.97868
10.39300 , 11.97966
10.39400 , 11.98064
10.39500 , 11.98162
10.39600 , 11.98260
10.39700 , 11.98358
10.39800 , 11.98456
10.39900 , 11.98554
10.40000 , 11.98653
10.40100 , 11.98751
10.40200 , 11.98849
10.40300 , 11.98948
10.40400 , 11.99046
10.40500 , 11.99145
10.40600 , 11.99244
10.40700 , 11.99342
10.40800 , 11.99441
10.40900 , 11.99540
10.41000 , 11.99639
10.41100 , 11.99738
10.41200 , 11.99837
10.41300 , 11.99936
10.41400 , 12.00035
10.41500 , 12.00134
10.41600 , 12.00233
10.41700 , 12.00332
10.41800 , 12.00432
10.41900 , 12.00531
10.42000 , 12.00631
10.42100 , 12.00730
10.42200 , 12.00830
10.42300 , 12.00929
10.42400 , 12.01029
10.42500 , 12.01129
10.42600 , 12.01229
10.42700 , 12.01329
10.42800 , 12.01429
10.42900 , 12.01529
10.43000 , 12.01629
10.43100 , 12.01729
10.43200 , 12.01829
10.43300 , 12.01929
10.43400 , 12.02030
10.43500 , 12.02130
10.43600 , 12.02231
10.43700 , 12.02331
10.43800 , 12.02432
10.43900 , 12.02532
10.44000 , 12.02633
10.44100 , 12.02734
10.44200 , 12.02835
10.44300 , 12.02935
10.44400 , 12.03036
10.44500 , 12.03137
10.44600 , 12.03239
10.44700 , 12.03340
10.44800 , 12.03441
10.44900 , 12.03542
10.45000 , 12.03643
10.45100 , 12.03745
10.45200 , 12.03846
10.45300 , 12.03948
10.45400 , 12.04049
10.45500 , 12.04151
10.45600 , 12.04253
10.45700 , 12.04355
10.45800 , 12.04456
10.45900 , 12.04558
10.46000 , 12.04660
10.46100 , 12.04762
10.46200 , 12.04864
10.46300 , 12.04967
10.46400 , 12.05069
10.46500 , 12.05171
10.46600 , 12.05273
10.46700 , 12.05376
10.46800 , 12.05478
10.46900 , 12.05581
10.47000 , 12.05684
10.47100 , 12.05786
10.47200 , 12.05889
10.47300 , 12.05992
10.47400 , 12.06095
10.47500 , 12.06198
10.47600 , 12.06301
10.47700 , 12.06404
10.47800 , 12.06507
10.47900 , 12.06610
10.48000 , 12.06713
10.48100 , 12.06816
10.48200 , 12.06920
10.48300 , 12.07023
10.48400 , 12.07127
10.48500 , 12.07230
10.48600 , 12.07334
10.48700 , 12.07438
10.48800 , 12.07541
10.48900 , 12.07645
10.49000 , 12.07749
10.49100 , 12.07853
10.49200 , 12.07957
10.49300 , 12.08061
10.49400 , 12.08166
10.49500 , 12.08270
10.49600 , 12.08374
10.49700 , 12.08478
10.49800 , 12.08583
10.49900 , 12.08687
10.50000 , 12.08792
10.50100 , 12.08897
10.50200 , 12.09001
10.50300 , 12.09106
10.50400 , 12.09211
10.50500 , 12.09316
10.50600 , 12.09421
10.50700 , 12.09526
10.50800 , 12.09631
10.50900 , 12.09736
10.51000 , 12.09841
10.51100 , 12.09946
10.51200 , 12.10052
10.51300 , 12.10157
10.51400 , 12.10263
10.51500 , 12.10368
10.51600 , 12.10474
10.51700 , 12.10580
10.51800 , 12.10685
10.51900 , 12.10791
10.52000 , 12.10897
10.52100 , 12.11003
10.52200 , 12.11109
10.52300 , 12.11215
10.52400 , 12.11321
10.52500 , 12.11428
10.52600 , 12.11534
10.52700 , 12.11640
10.52800 , 12.11747
10.52900 , 12.11853
10.53000 , 12.11960
10.53100 , 12.12066
10.53200 , 12.12173
10.53300 , 12.12280
10.53400 , 12.12387
10.53500 , 12.12494
10.53600 , 12.12601
10.53700 , 12.12708
10.53800 , 12.12815
10.53900 , 12.12922
10.54000 , 12.13029
10.54100 , 12.13137
10.54200 , 12.13244
10.54300 , 12.13351
10.54400 , 12.13459
10.54500 , 12.13567
10.54600 , 12.13674
10.54700 , 12.13782
10.54800 , 12.13890
10.54900 , 12.13998
10.55000 , 12.14106
10.55100 , 12.14214
10.55200 , 12.14322
10.55300 , 12.14430
10.55400 , 12.14538
10.55500 , 12.14646
10.55600 , 12.14755
10.55700 , 12.14863
10.55800 , 12.14972
10.55900 , 12.15080
10.56000 , 12.15189
10.56100 , 12.15298
10.56200 , 12.15407
10.56300 , 12.15515
10.56400 , 12.15624
10.56500 , 12.15733
10.56600 , 12.15842
10.56700 , 12.15952
10.56800 , 12.16061
10.56900 , 12.16170
10.57000 , 12.16279
10.57100 , 12.16389
10.57200 , 12.16498
10.57300 , 12.16608
10.57400 , 12.16718
10.57500 , 12.16827
10.57600 , 12.16937
10.57700 , 12.17047
10.57800 , 12.17157
10.57900 , 12.17267
10.58000 , 12.17377
10.58100 , 12.17487
10.58200 , 12.17597
10.58300 , 12.17708
10.58400 , 12.17818
10.58500 , 12.17928
10.58600 , 12.18039
10.58700 , 12.18149
10.58800 , 12.18260
10.58900 , 12.18371
10.59000 , 12.18482
10.59100 , 12.18592
10.59200 , 12.18703
10.59300 , 12.18814
10.59400 , 12.18925
10.59500 , 12.19037
10.59600 , 12.19148
10.59700 , 12.19259
10.59800 , 12.19370
10.59900 , 12.19482
10.60000 , 12.19593
10.60100 , 12.19705
10.60200 , 12.19817
10.60300 , 12.19928
10.60400 , 12.20040
10.60500 , 12.20152
10.60600 , 12.20264
10.60700 , 12.20376
10.60800 , 12.20488
10.60900 , 12.20600
10.61000 , 12.20713
10.61100 , 12.20825
10.61200 , 12.20937
10.61300 , 12.21050
10.61400 , 12.21163
10.61500 , 12.21275
10.61600 , 12.21388
10.61700 , 12.21501
10.61800 , 12.21613
10.61900 , 12.21726
10.62000 , 12.21839
10.62100 , 12.21952
10.62200 , 12.22066
10.62300 , 12.22179
10.62400 , 12.22292
10.62500 , 12.22406
10.62600 , 12.22519
10.62700 , 12.22633
10.62800 , 12.22746
10.62900 , 12.22860
10.63000 , 12.22974
10.63100 , 12.23087
10.63200 , 12.23201
10.63300 , 12.23315
10.63400 , 12.23429
10.63500 , 12.23544
10.63600 , 12.23658
10.63700 , 12.23772
10.63800 , 12.23886
10.63900 , 12.24001
10.64000 , 12.24115
10.64100 , 12.24230
10.64200 , 12.24345
10.64300 , 12.24459
10.64400 , 12.24574
10.64500 , 12.24689
10.64572 , 12.24772
10.64672 , 12.24887
10.64772 , 12.25002
10.64872 , 12.25117
10.64972 , 12.25232
10.65072 , 12.25347
10.65172 , 12.25462
10.65272 , 12.25577
10.65372 , 12.25692
10.65472 , 12.25807
10.65572 , 12.25922
10.65672 , 12.26037
10.65772 , 12.26152
10.65872 , 12.26267
10.65972 , 12.26382
10.66072 , 12.26497
10.66172 , 12.26612
10.66272 , 12.26727
10.66372 , 12.26842
10.66472 , 12.26957
10.66572 , 12.27072
10.66672 , 12.27187
10.66772 , 12.27302
10.66872 , 12.27417
10.66972 , 12.27532
10.67072 , 12.27647
10.67172 , 12.27762
10.67272 , 12.27877
10.67372 , 12.27992
10.67472 , 12.28107
10.67572 , 12.28222
10.67672 , 12.28337
10.67772 , 12.28452
10.67872 , 12.28567
10.67972 , 12.28682
10.68072 , 12.28797
10.68172 , 12.28912
10.68272 , 12.29027
10.68372 , 12.29142
10.68472 , 12.29257
10.68572 , 12.29372
10.68672 , 12.29487
10.68772 , 12.29602
10.68872 , 12.29717
10.68972 , 12.29832
10.69072 , 12.29947
10.69172 , 12.30062
10.69272 , 12.30177
10.69372 , 12.30292
10.69472 , 12.30407
10.69572 , 12.30522
10.69672 , 12.30637
10.69772 , 12.30752
10.69872 , 12.30867
10.69972 , 12.30982
10.70072 , 12.31097
10.70172 , 12.31212
10.70272 , 12.31327
10.70372 , 12.31442
10.70472 , 12.31557
10.70572 , 12.31672
10.70672 , 12.31787
10.70772 , 12.31902
10.70872 , 12.32017
10.70972 , 12.32132
10.71072 , 12.32247
10.71172 , 12.32362
10.71272 , 12.32477
10.71372 , 12.32592
10.71472 , 12.32707
10.71572 , 12.32822
10.71672 , 12.32937
10.71772 , 12.33052
10.71872 , 12.33167
10.71972 , 12.33282
10.72072 , 12.33397
10.72172 , 12.33512
10.72272 , 12.33627
10.72372 , 12.33742
10.72472 , 12.33857
10.72572 , 12.33972
10.72672 , 12.34087
10.72772 , 12.34202
10.72872 , 12.34317
10.72972 , 12.34432
10.73072 , 12.34547
10.73172 , 12.34662
10.73272 , 12.34777
10.73372 , 12.34892
10.73472 , 12.35007
10.73572 , 12.35122
10.73672 , 12.35237
10.73772 , 12.35352
10.73872 , 12.35467
10.73972 , 12.35582
10.74072 , 12.35697
10.74172 , 12.35812
10.74272 , 12.35927
10.74372 , 12.36042
10.74472 , 12.36157
10.74572 , 12.36272
10.74672 , 12.36387
10.74772 , 12.36502
10.74872 , 12.36617
10.74972 , 12.36732
10.75072 , 12.36847
10.75172 , 12.36962
10.75272 , 12.37077
10.75372 , 12.37192
10.75472 , 12.37307
10.75572 , 12.37422
10.75672 , 12.37537
10.75772 , 12.37652
10.75872 , 12.37767
10.75972 , 12.37882
10.76072 , 12.37997
10.76172 , 12.38112
10.76272 , 12.38227
10.76372 , 12.38342
10.76472 , 12.38457
10.76572 , 12.38572
10.76672 , 12.38687
10.76772 , 12.38802
10.76872 , 12.38917
10.76972 , 12.39032
10.77072 , 12.39147
10.77172 , 12.39262
10.77272 , 12.39377
10.77372 , 12.39492
10.77472 , 12.39607
10.77572 , 12.39722
10.77672 , 12.39837
10.77772 , 12.39952
10.77872 , 12.40067
10.77972 , 12.40182
10.78072 , 12.40297
10.78172 , 12.40412
10.78272 , 12.40527
10.78372 , 12.40642
10.78472 , 12.40757
10.78572 , 12.40872
10.78672 , 12.40987
10.78772 , 12.41102
10.78872 , 12.41217
10.78972 , 12.41332
10.79072 , 12.41447
10.79172 , 12.41562
10.79272 , 12.41677
10.79372 , 12.41792
10.79472 , 12.41907
10.79572 , 12.42022
10.79672 , 12.42137
10.79772 , 12.42252
10.79872 , 12.42367
10.79972 , 12.42482
10.80072 , 12.42597
10.80172 , 12.42712
10.80272 , 12.42827
10.80372 , 12.42942
10.80472 , 12.43057
10.80572 , 12.43172
10.80672 , 12.43287
10.80772 , 12.43402
10.80872 , 12.43517
10.80972 , 12.43632
10.81072 , 12.43747
10.81172 , 12.43862
10.81272 , 12.43977
10.81372 , 12.44092
10.81472 , 12.44207
10.81572 , 12.44322
10.81672 , 12.44437
10.81772 , 12.44552
10.81872 , 12.44667
10.81972 , 12.44782
10.82072 , 12.44897
10.82172 , 12.45012
10.82272 , 12.45127
10.82372 , 12.45242
10.82472 , 12.45357
10.82572 , 12.45472
10.82672 , 12.45587
10.82772 , 12.45702
10.82872 , 12.45817
10.82972 , 12.45932
10.83072 , 12.46047
10.83172 , 12.46162
10.83272 , 12.46277
10.83372 , 12.46392
10.83472 , 12.46507
10.83572 , 12.46622
10.83672 , 12.46737
10.83772 , 12.46852
10.83872 , 12.46967
10.83972 , 12.47082
10.84072 , 12.47197
10.84172 , 12.47312
10.84272 , 12.47427
10.84372 , 12.47542
10.84472 , 12.47657
10.84572 , 12.47772
10.84672 , 12.47887
10.84772 , 12.48002
10.84872 , 12.48117
10.84972 , 12.48232
10.85072 , 12.48347
10.85172 , 12.48462
10.85272 , 12.48577
10.85372 , 12.48692
10.85472 , 12.48807
10.85572 , 12.48922
10.85672 , 12.49037
10.85772 , 12.49152
10.85872 , 12.49267
10.85972 , 12.49382
10.86072 , 12.49497
10.86172 , 12.49612
10.86272 , 12.49727
10.86372 , 12.49842
10.86472 , 12.49957
10.86572 , 12.50072
10.86672 , 12.50187
10.86772 , 12.50302
10.86872 , 12.50417
10.86972 , 12.50532
10.87072 , 12.50647
10.87172 , 12.50762
10.87272 , 12.50877
10.87372 , 12.50992
10.87472 , 12.51107
10.87572 , 12.51222
10.87672 , 12.51337
10.87772 , 12.51452
10.87872 , 12.51567
10.87972 , 12.51682
10.88072 , 12.51797
10.88172 , 12.51912
10.88272 , 12.52027
10.88372 , 12.52142
10.88472 , 12.52257
10.88572 , 12.52372
10.88672 , 12.52487
10.88772 , 12.52602
10.88872 , 12.52717
10.88972 , 12.52832
10.89072 , 12.52947
10.89172 , 12.53062
10.89272 , 12.53177
10.89372 , 12.53292
10.89472 , 12.53407
10.89572 , 12.53522
10.89672 , 12.53637
10.89772 , 12.53752
10.89872 , 12.53867
10.89972 , 12.53982
10.90072 , 12.54097
10.90172 , 12.54212
10.90272 , 12.54327
10.90372 , 12.54442
10.90472 , 12.54557
10.90572 , 12.54672
10.90672 , 12.54787
10.90772 , 12.54902
10.90872 , 12.55017
10.90972 , 12.55132
10.91072 , 12.55247
10.91172 , 12.55362
10.91272 , 12.55477
10.91372 , 12.55592
10.91472 , 12.55707
10.91572 , 12.55822
10.91672 , 12.55937
10.91772 , 12.56052
10.91872 , 12.56167
10.91972 , 12.56282
10.92072 , 12.56397
10.92172 , 12.56512
10.92272 , 12.56627
10.92372 , 12.56742
10.92472 , 12.56857
10.92572 , 12.56972
10.92672 , 12.57087
10.92772 , 12.57202
10.92872 , 12.57317
10.92972 , 12.57432
10.93072 , 12.57547
10.93172 , 12.57662
10.93272 , 12.57777
10.93372 , 12.57892
10.93472 , 12.58007
10.93572 , 12.58122
10.93672 , 12.58237
10.93772 , 12.58352
10.93872 , 12.58467
10.93972 , 12.58582
10.94072 , 12.58697
10.94172 , 12.58812
10.94272 , 12.58927
10.94372 , 12.59042
10.94472 , 12.59157
10.94572 , 12.59272
10.94672 , 12.59387
10.94772 , 12.59502
10.94872 , 12.59617
10.94972 , 12.59732
10.95072 , 12.59847
10.95172 , 12.59962
10.95272 , 12.60077
10.95372 , 12.60192
10.95472 , 12.60307
10.95572 , 12.60422
10.95672 , 12.60537
10.95772 , 12.60652
10.95872 , 12.60767
10.95972 , 12.60882
10.96072 , 12.60997
10.96172 , 12.61112
10.96272 , 12.61227
10.96372 , 12.61342
10.96472 , 12.61457
10.96572 , 12.61572
10.96672 , 12.61687
10.96772 , 12.61802
10.96872 , 12.61917
10.96972 , 12.62032
10.97072 , 12.62147
10.97172 , 12.62262
10.97272 , 12.62377
10.97372 , 12.62492
10.97472 , 12.62607
10.97572 , 12.62722
10.97672 , 12.62837
10.97772 , 12.62952
10.97872 , 12.63067
10.97972 , 12.63182
10.98072 , 12.63297
10.98172 , 12.63412
10.98272 , 12.63527
10.98372 , 12.63642
10.98472 , 12.63757
10.98572 , 12.63872
10.98672 , 12.63987
10.98772 , 12.64102
10.98872 , 12.64217
10.98972 , 12.64332
10.99072 , 12.64447
10.99172 , 12.64562
10.99272 , 12.64677
10.99372 , 12.64792
10.99472 , 12.64907
10.99572 , 12.65022
10.99672 , 12.65137
10.99772 , 12.65252
10.99872 , 12.65367
10.99972 , 12.65482
11.00072 , 12.65597
11.00172 , 12.65712
11.00272 , 12.65827
11.00372 , 12.65942
11.00472 , 12.66057
11.00572 , 12.66172
11.00672 , 12.66287
11.00772 , 12.66402
11.00872 , 12.66517
11.00972 , 12.66632
11.01072 , 12.66747
11.01172 , 12.66862
11.01272 , 12.66977
11.01372 , 12.67092
11.01472 , 12.67207
11.01572 , 12.67322
11.01672 , 12.67437
11.01772 , 12.67552
11.01872 , 12.67667
11.01972 , 12.67782
11.02072 , 12.67897
11.02172 , 12.68012
11.02272 , 12.68127
11.02372 , 12.68242
11.02472 , 12.68357
11.02572 , 12.68472
11.02672 , 12.68587
11.02772 , 12.68702
11.02872 , 12.68817
11.02972 , 12.68932
11.03072 , 12.69047
11.03172 , 12.69162
11.03272 , 12.69277
11.03372 , 12.69392
11.03472 , 12.69507
11.03572 , 12.69622
11.03672 , 12.69737
11.03772 , 12.69852
11.03872 , 12.69967
11.03972 , 12.70082
11.04072 , 12.70197
11.04172 , 12.70312
11.04272 , 12.70427
11.04372 , 12.70542
11.04472 , 12.70657
11.04572 , 12.70772
11.04672 , 12.70887
11.04772 , 12.71002
11.04872 , 12.71117
11.04972 , 12.71232
11.05072 , 12.71347
11.05172 , 12.71462
11.05272 , 12.71577
11.05372 , 12.71692
11.05472 , 12.71807
11.05572 , 12.71922
11.05672 , 12.72037
11.05772 , 12.72152
11.05872 , 12.72267
11.05972 , 12.72382
11.06072 , 12.72497
11.06172 , 12.72612
11.06272 , 12.72727
11.06372 , 12.72842
11.06472 , 12.72957
11.06572 , 12.73072
11.06672 , 12.73187
11.06772 , 12.73302
11.06872 , 12.73417
11.06972 , 12.73532
11.07072 , 12.73647
11.07172 , 12.73762
11.07272 , 12.73877
11.07372 , 12.73992
11.07472 , 12.74107
11.07572 , 12.74222
11.07672 , 12.74337
11.07772 , 12.74452
11.07872 , 12.74567
11.07972 , 12.74682
11.08072 , 12.74797
11.08172 , 12.74912
11.08272 , 12.75027
11.08372 , 12.75142
11.08472 , 12.75257
11.08572 , 12.75372
11.08672 , 12.75487
11.08772 , 12.75602
11.08872 , 12.75717
11.08972 , 12.75832
11.09072 , 12.75947
11.09172 , 12.76062
11.09272 , 12.76177
11.09372 , 12.76292
11.09472 , 12.76407
11.09572 , 12.76522
11.09672 , 12.76637
11.09772 , 12.76752
11.09872 , 12.76867
11.09972 , 12.76982
11.10072 , 12.77097
11.10172 , 12.77212
11.10272 , 12.77327
11.10372 , 12.77442
11.10472 , 12.77557
11.10572 , 12.77672
11.10672 , 12.77787
11.10772 , 12.77902
11.10872 , 12.78017
11.10972 , 12.78132
11.11072 , 12.78247
11.11172 , 12.78362
11.11272 , 12.78477
11.11372 , 12.78592
11.11472 , 12.78707
11.11572 , 12.78822
11.11672 , 12.78937
11.11772 , 12.79052
11.11872 , 12.79167
11.11972 , 12.79282
11.12072 , 12.79397
11.12172 , 12.79512
11.12272 , 12.79627
11.12372 , 12.79742
11.12472 , 12.79857
11.12572 , 12.79972
11.12672 , 12.80087
11.12772 , 12.80202
11.12872 , 12.80317
11.12972 , 12.80432
11.13072 , 12.80547
11.13172 , 12.80662
11.13272 , 12.80777
11.13372 , 12.80892
11.13472 , 12.81007
11.13572 , 12.81122
11.13672 , 12.81237
11.13772 , 12.81352
11.13872 , 12.81467
11.13972 , 12.81582
11.14072 , 12.81697
11.14172 , 12.81812
11.14272 , 12.81927
11.14372 , 12.82042
11.14472 , 12.82157
11.14572 , 12.82272
11.14672 , 12.82387
11.14772 , 12.82502
11.14872 , 12.82617
11.14972 , 12.82732
11.15072 , 12.82847
11.15172 , 12.82962
11.15272 , 12.83077
11.15372 , 12.83192
11.15472 , 12.83307
11.15572 , 12.83422
11.15672 , 12.83537
11.15772 , 12.83652
11.15872 , 12.83767
11.15972 , 12.83882
11.16072 , 12.83997
11.16172 , 12.84112
11.16272 , 12.84227
11.16372 , 12.84342
11.16472 , 12.84457
11.16572 , 12.84572
11.16672 , 12.84687
11.16772 , 12.84802
11.16872 , 12.84917
11.16972 , 12.85032
11.17072 , 12.85147
11.17172 , 12.85262
11.17272 , 12.85377
11.17372 , 12.85492
11.17472 , 12.85607
11.17572 , 12.85722
11.17672 , 12.85837
11.17772 , 12.85952
11.17872 , 12.86067
11.17972 , 12.86182
11.18072 , 12.86297
11.18172 , 12.86412
11.18272 , 12.86527
11.18372 , 12.86642
11.18472 , 12.86757
11.18572 , 12.86872
11.18672 , 12.86987
11.18772 , 12.87102
11.18872 , 12.87217
11.18972 , 12.87332
11.19072 , 12.87447
11.19172 , 12.87562
11.19272 , 12.87677
11.19372 , 12.87792
11.19472 , 12.87907
11.19572 , 12.88022
11.19672 , 12.88137
11.19772 , 12.88252
11.19872 , 12.88367
11.19972 , 12.88482
11.20072 , 12.88597
11.20172 , 12.88712
11.20272 , 12.88827
11.20372 , 12.88942
11.20472 , 12.89057
11.20572 , 12.89172
11.20672 , 12.89287
11.20772 , 12.89402
11.20872 , 12.89517
11.20972 , 12.89632
11.21072 , 12.89747
11.21172 , 12.89862
11.21272 , 12.89977
11.21372 , 12.90092
11.21472 , 12.90207
11.21572 , 12.90322
11.21672 , 12.90437
11.21772 , 12.90552
11.21872 , 12.90667
11.21972 , 12.90782
11.22072 , 12.90897
11.22172 , 12.91012
11.22272 , 12.91127
11.22372 , 12.91242
11.22472 , 12.91357
11.22572 , 12.91472
11.22672 , 12.91587
11.22772 , 12.91702
11.22872 , 12.91817
11.22972 , 12.91932
11.23072 , 12.92047
11.23172 , 12.92162
11.23272 , 12.92277
11.23372 , 12.92392
11.23472 , 12.92507
11.23572 , 12.92622
11.23672 , 12.92737
11.23772 , 12.92852
11.23872 , 12.92967
11.23972 , 12.93082
11.24072 , 12.93197
11.24172 , 12.93312
11.24272 , 12.93427
11.24372 , 12.93542
11.24472 , 12.93657
11.24572 , 12.93772
11.24672 , 12.93887
11.24772 , 12.94002
11.24872 , 12.94117
11.24972 , 12.94232
11.25072 , 12.94347
11.25172 , 12.94462
11.25272 , 12.94577
11.25372 , 12.94692
11.25472 , 12.94807
11.25572 , 12.94922
11.25672 , 12.95037
11.25772 , 12.95152
11.25872 , 12.95267
11.25972 , 12.95382
11.26072 , 12.95497
11.26172 , 12.95612
11.26272 , 12.95727
11.26372 , 12.95842
11.26472 , 12.95957
11.26572 , 12.96072
11.26672 , 12.96187
11.26772 , 12.96302
11.26872 , 12.96417
11.26972 , 12.96532
11.27072 , 12.96647
11.27172 , 12.96762
11.27272 , 12.96877
11.27372 , 12.96992
11.27472 , 12.97107
11.27572 , 12.97222
11.27672 , 12.97337
11.27772 , 12.97452
11.27872 , 12.97567
11.27972 , 12.97682
11.28072 , 12.97797
11.28172 , 12.97912
11.28272 , 12.98027
11.28372 , 12.98142
11.28472 , 12.98257
11.28572 , 12.98372
11.28672 , 12.98487
11.28772 , 12.98602
11.28872 , 12.98717
11.28972 , 12.98832
11.29072 , 12.98947
11.29172 , 12.99062
11.29272 , 12.99177
11.29372 , 12.99292
11.29472 , 12.99407
11.29572 , 12.99522
11.29672 , 12.99637
11.29772 , 12.99752
11.29872 , 12.99867
11.29972 , 12.99982
11.30072 , 13.00097
11.30172 , 13.00212
11.30272 , 13.00327
11.30372 , 13.00442
11.30472 , 13.00557
11.30572 , 13.00672
11.30672 , 13.00787
11.30772 , 13.00902
11.30872 , 13.01017
11.30972 , 13.01132
11.31072 , 13.01247
11.31172 , 13.01362
11.31272 , 13.01477
11.31372 , 13.01592
11.31472 , 13.01707
11.31572 , 13.01822
11.31672 , 13.01937
11.31772 , 13.02052
11.31872 , 13.02167
11.31972 , 13.02282
11.32072 , 13.02397
11.32172 , 13.02512
11.32272 , 13.02627
11.32372 , 13.02742
11.32472 , 13.02857
11.32572 , 13.02972
11.32672 , 13.03087
11.32772 , 13.03202
11.32872 , 13.03317
11.32972 , 13.03432
11.33072 , 13.03547
11.33172 , 13.03662
11.33272 , 13.03777
11.33372 , 13.03892
11.33472 , 13.04007
11.33572 , 13.04122
11.33672 , 13.04237
11.33772 , 13.04352
11.33872 , 13.04467
11.33972 , 13.04582
11.34072 , 13.04697
11.34172 , 13.04812
11.34272 , 13.04927
11.34372 , 13.05042
11.34472 , 13.05157
11.34572 , 13.05272
11.34672 , 13.05387
11.34772 , 13.05502
11.34872 , 13.05617
11.34972 , 13.05732
11.35072 , 13.05847
11.35172 , 13.05962
11.35272 , 13.06077
11.35372 , 13.06192
11.35472 , 13.06307
11.35572 , 13.06422
11.35672 , 13.06537
11.35772 , 13.06652
11.35872 , 13.06767
11.35972 , 13.06882
11.36072 , 13.06997
11.36172 , 13.07112
11.36272 , 13.07227
11.36372 , 13.07342
11.36472 , 13.07457
11.36572 , 13.07572
11.36672 , 13.07687
11.36772 , 13.07802
11.36872 , 13.07917
11.36972 , 13.08032
11.37072 , 13.08147
11.37172 , 13.08262
11.37272 , 13.08377
11.37372 , 13.08492
11.37472 , 13.08607
11.37572 , 13.08722
11.37672 , 13.08837
11.37772 , 13.08952
11.37872 , 13.09067
11.37972 , 13.09182
11.38072 , 13.09297
11.38172 , 13.09412
11.38272 , 13.09527
11.38372 , 13.09642
11.38472 , 13.09757
11.38572 , 13.09872
11.38672 , 13.09987
11.38772 , 13.10102
11.38872 , 13.10217
11.38972 , 13.10332
11.39072 , 13.10447
11.39172 , 13.10562
11.39272 , 13.10677
11.39372 , 13.10792
11.39472 , 13.10907
11.39572 , 13.11022
11.39672 , 13.11137
11.39772 , 13.11252
11.39872 , 13.11367
11.39972 , 13.11482
11.40072 , 13.11597
11.40172 , 13.11712
11.40272 , 13.11827
11.40372 , 13.11942
11.40472 , 13.12057
11.40572 , 13.12172
11.40672 , 13.12287
11.40772 , 13.12402
11.40872 , 13.12517
11.40972 , 13.12632
11.41072 , 13.12747
11.41172 , 13.12862
11.41272 , 13.12977
11.41372 , 13.13092
11.41472 , 13.13207
11.41572 , 13.13322
11.41672 , 13.13437
11.41772 , 13.13552
11.41872 , 13.13667
11.41972 , 13.13782
11.42072 , 13.13897
11.42172 , 13.14012
11.42272 , 13.14127
11.42372 , 13.14242
11.42472 , 13.14357
11.42572 , 13.14472
11.42672 , 13.14587
11.42772 , 13.14702
11.42872 , 13.14817
11.42972 , 13.14932
11.43072 , 13.15047
11.43172 , 13.15162
11.43272 , 13.15277
11.43372 , 13.15392
11.43472 , 13.15507
11.43572 , 13.15622
11.43672 , 13.15737
11.43772 , 13.15852
11.43872 , 13.15967
11.43972 , 13.16082
11.44072 , 13.16197
11.44172 , 13.16312
11.44272 , 13.16427
11.44372 , 13.16542
11.44472 , 13.16657
11.44572 , 13.16772
11.44672 , 13.16887
11.44772 , 13.17002
11.44872 , 13.17117
11.44972 , 13.17232
11.45072 , 13.17347
11.45172 , 13.17462
11.45272 , 13.17577
11.45372 , 13.17692
11.45472 , 13.17807
11.45572 , 13.17922
11.45672 , 13.18037
11.45772 , 13.18152
11.45872 , 13.18267
11.45972 , 13.18382
11.46072 , 13.18497
11.46172 , 13.18612
11.46272 , 13.18727
11.46372 , 13.18842
11.46472 , 13.18957
11.46572 , 13.19072
11.46672 , 13.19187
11.46772 , 13.19302
11.46872 , 13.19417
11.46972 , 13.19532
11.47072 , 13.19647
11.47172 , 13.19762
11.47272 , 13.19877
11.47372 , 13.19992
11.47472 , 13.20107
11.47572 , 13.20222
11.47672 , 13.20337
11.47772 , 13.20452
11.47872 , 13.20567
11.47972 , 13.20682
11.48072 , 13.20797
11.48172 , 13.20912
11.48272 , 13.21027
11.48372 , 13.21142
11.48472 , 13.21257
11.48572 , 13.21372
11.48672 , 13.21487
11.48772 , 13.21602
11.48872 , 13.21717
11.48972 , 13.21832
11.49072 , 13.21947
11.49172 , 13.22062
11.49272 , 13.22177
11.49372 , 13.22292
11.49472 , 13.22407
11.49572 , 13.22522
11.49672 , 13.22637
11.49772 , 13.22752
11.49872 , 13.22867
11.49972 , 13.22982
11.50072 , 13.23097
11.50172 , 13.23212
11.50272 , 13.23327
11.50372 , 13.23442
11.50472 , 13.23557
11.50572 , 13.23672
11.50672 , 13.23787
11.50772 , 13.23902
11.50872 , 13.24017
11.50972 , 13.24132
11.51072 , 13.24247
11.51172 , 13.24362
11.51272 , 13.24477
11.51372 , 13.24592
11.51472 , 13.24707
11.51572 , 13.24822
11.51672 , 13.24937
11.51772 , 13.25052
11.51872 , 13.25167
11.51972 , 13.25282
11.52072 , 13.25397
11.52172 , 13.25512
11.52272 , 13.25627
11.52372 , 13.25742
11.52472 , 13.25857
11.52572 , 13.25972
11.52672 , 13.26087
11.52772 , 13.26202
11.52872 , 13.26317
11.52972 , 13.26432
11.53072 , 13.26547
11.53172 , 13.26662
11.53272 , 13.26777
11.53372 , 13.26892
11.53472 , 13.27007
11.53572 , 13.27122
11.53672 , 13.27237
11.53772 , 13.27352
11.53872 , 13.27467
11.53972 , 13.27582
11.54072 , 13.27697
11.54172 , 13.27812
11.54272 , 13.27927
11.54372 , 13.28042
11.54472 , 13.28157
11.54572 , 13.28272
11.54672 , 13.28387
11.54772 , 13.28502
11.54872 , 13.28617
11.54972 , 13.28732
11.55072 , 13.28847
11.55172 , 13.28962
11.55272 , 13.29077
11.55372 , 13.29192
11.55472 , 13.29307
11.55572 , 13.29422
11.55672 , 13.29537
11.55772 , 13.29652
11.55872 , 13.29767
11.55972 , 13.29882
11.56072 , 13.29997
11.56172 , 13.30112
11.56272 , 13.30227
11.56372 , 13.30342
11.56472 , 13.30457
11.56572 , 13.30572
11.56672 , 13.30687
11.56772 , 13.30802
11.56872 , 13.30917
11.56972 , 13.31032
11.57072 , 13.31147
11.57172 , 13.31262
11.57272 , 13.31377
11.57372 , 13.31492
11.57472 , 13.31607
11.57572 , 13.31722
11.57672 , 13.31837
11.57772 , 13.31952
11.57872 , 13.32067
11.57972 , 13.32182
11.58072 , 13.32297
11.58172 , 13.32412
11.58272 , 13.32527
11.58372 , 13.32642
11.58472 , 13.32757
11.58572 , 13.32872
11.58672 , 13.32987
11.58772 , 13.33102
11.58872 , 13.33217
11.58972 , 13.33332
11.59072 , 13.33447
11.59172 , 13.33562
11.59272 , 13.33677
11.59372 , 13.33792
11.59472 , 13.33907
11.59572 , 13.34022
11.59672 , 13.34137
11.59772 , 13.34252
11.59872 , 13.34367
11.59972 , 13.34482
11.60072 , 13.34597
11.60172 , 13.34712
11.60272 , 13.34827
11.60372 , 13.34942
11.60472 , 13.35057
11.60572 , 13.35172
11.60672 , 13.35287
11.60772 , 13.35402
11.60872 , 13.35517
11.60972 , 13.35632
11.61072 , 13.35747
11.61172 , 13.35862
11.61272 , 13.35977
11.61372 , 13.36092
11.61472 , 13.36207
11.61572 , 13.36322
11.61672 , 13.36437
11.61772 , 13.36552
11.61872 , 13.36667
11.61972 , 13.36782
11.62072 , 13.36897
11.62172 , 13.37012
11.62272 , 13.37127
11.62372 , 13.37242
11.62472 , 13.37357
11.62572 , 13.37472
11.62672 , 13.37587
11.62772 , 13.37702
11.62872 , 13.37817
11.62972 , 13.37932
11.63072 , 13.38047
11.63172 , 13.38162
11.63272 , 13.38277
11.63372 , 13.38392
11.63472 , 13.38507
11.63572 , 13.38622
11.63672 , 13.38737
11.63772 , 13.38852
11.63872 , 13.38967
11.63972 , 13.39082
11.64072 , 13.39197
11.64172 , 13.39312
11.64272 , 13.39427
11.64372 , 13.39542
11.64472 , 13.39657
11.64572 , 13.39772
11.64672 , 13.39887
11.64772 , 13.40002
11.64872 , 13.40117
11.64972 , 13.40232
11.65072 , 13.40347
11.65172 , 13.40462
11.65272 , 13.40577
11.65372 , 13.40692
11.65472 , 13.40807
11.65572 , 13.40922
11.65672 , 13.41037
11.65772 , 13.41152
11.65872 , 13.41267
11.65972 , 13.41382
11.66072 , 13.41497
11.66172 , 13.41612
11.66272 , 13.41727
11.66372 , 13.41842
11.66472 , 13.41957
11.66572 , 13.42072
11.66672 , 13.42187
11.66772 , 13.42302
11.66872 , 13.42417
11.66972 , 13.42532
11.67072 , 13.42647
11.67172 , 13.42762
11.67272 , 13.42877
11.67372 , 13.42992
11.67472 , 13.43107
11.67572 , 13.43222
11.67672 , 13.43337
11.67772 , 13.43452
11.67872 , 13.43567
11.67972 , 13.43682
11.68072 , 13.43797
11.68172 , 13.43912
11.68272 , 13.44027
11.68372 , 13.44142
11.68472 , 13.44257
11.68572 , 13.44372
11.68672 , 13.44487
11.68772 , 13.44602
11.68872 , 13.44717
11.68972 , 13.44832
11.69072 , 13.44947
11.69172 , 13.45062
11.69272 , 13.45177
11.69372 , 13.45292
11.69472 , 13.45407
11.69572 , 13.45522
11.69672 , 13.45637
11.69772 , 13.45752
11.69872 , 13.45867
11.69972 , 13.45982
11.70072 , 13.46097
11.70172 , 13.46212
11.70272 , 13.46327
11.70372 , 13.46442
11.70472 , 13.46557
11.70572 , 13.46672
11.70672 , 13.46787
11.70772 , 13.46902
11.70872 , 13.47017
11.70972 , 13.47132
11.71072 , 13.47247
11.71172 , 13.47362
11.71272 , 13.47477
11.71372 , 13.47592
11.71472 , 13.47707
11.71572 , 13.47822
11.71672 , 13.47937
11.71772 , 13.48052
11.71872 , 13.48167
11.71972 , 13.48282
11.72072 , 13.48397
11.72172 , 13.48512
11.72272 , 13.48627
11.72372 , 13.48742
11.72472 , 13.48857
11.72572 , 13.48972
11.72672 , 13.49087
11.72772 , 13.49202
11.72872 , 13.49317
11.72972 , 13.49432
11.73072 , 13.49547
11.73172 , 13.49662
11.73272 , 13.49777
11.73372 , 13.49892
11.73472 , 13.50007
11.73572 , 13.50122
11.73672 , 13.50237
11.73772 , 13.50352
11.73872 , 13.50467
11.73972 , 13.50582
11.74072 , 13.50697
11.74172 , 13.50812
11.74272 , 13.50927
11.74372 , 13.51042
11.74472 , 13.51157
11.74572 , 13.51272
11.74672 , 13.51387
11.74772 , 13.51502
11.74872 , 13.51617
11.74972 , 13.51732
11.75072 , 13.51847
11.75172 , 13.51962
11.75272 , 13.52077
11.75372 , 13.52192
11.75472 , 13.52307
11.75572 , 13.52422
11.75672 , 13.52537
11.75772 , 13.52652
11.75872 , 13.52767
11.75972 , 13.52882
11.76072 , 13.52997
11.76172 , 13.53112
11.76272 , 13.53227
11.76372 , 13.53342
11.76472 , 13.53457
11.76572 , 13.53572
11.76672 , 13.53687
11.76772 , 13.53802
11.76872 , 13.53917
11.76972 , 13.54032
11.77072 , 13.54147
11.77172 , 13.54262
11.77272 , 13.54377
11.77372 , 13.54492
11.77472 , 13.54607
11.77572 , 13.54722
11.77672 , 13.54837
11.77772 , 13.54952
11.77872 , 13.55067
11.77972 , 13.55182
11.78072 , 13.55297
11.78172 , 13.55412
11.78272 , 13.55527
11.78372 , 13.55642
11.78472 , 13.55757
11.78572 , 13.55872
11.78672 , 13.55987
11.78772 , 13.56102
11.78872 , 13.56217
11.78972 , 13.56332
11.79072 , 13.56447
11.79172 , 13.56562
11.79272 , 13.56677
11.79372 , 13.56792
11.79472 , 13.56907
11.79572 , 13.57022
11.79672 , 13.57137
11.79772 , 13.57252
11.79872 , 13.57367
11.79972 , 13.57482
11.80072 , 13.57597
11.80172 , 13.57712
11.80272 , 13.57827
11.80372 , 13.57942
11.80472 , 13.58057
11.80572 , 13.58172
11.80672 , 13.58287
11.80772 , 13.58402
11.80872 , 13.58517
11.80972 , 13.58632
11.81072 , 13.58747
11.81172 , 13.58862
11.81272 , 13.58977
11.81372 , 13.59092
11.81472 , 13.59207
11.81572 , 13.59322
11.81672 , 13.59437
11.81772 , 13.59552
11.81872 , 13.59667
11.81972 , 13.59782
11.82072 , 13.59897
11.82172 , 13.60012
11.82272 , 13.60127
11.82372 , 13.60242
11.82472 , 13.60357
11.82572 , 13.60472
11.82672 , 13.60587
11.82772 , 13.60702
11.82872 , 13.60817
11.82972 , 13.60932
11.83072 , 13.61047
11.83172 , 13.61162
11.83272 , 13.61277
11.83372 , 13.61392
11.83472 , 13.61507
11.83572 , 13.61622
11.83672 , 13.61737
11.83772 , 13.61852
11.83872 , 13.61967
11.83972 , 13.62082
11.84072 , 13.62197
11.84172 , 13.62312
11.84272 , 13.62427
11.84372 , 13.62542
11.84472 , 13.62657
11.84572 , 13.62772
11.84672 , 13.62887
11.84772 , 13.63002
11.84872 , 13.63117
11.84972 , 13.63232
11.85072 , 13.63347
11.85172 , 13.63462
11.85272 , 13.63577
11.85372 , 13.63692
11.85472 , 13.63807
11.85572 , 13.63922
11.85672 , 13.64037
11.85772 , 13.64152
11.85872 , 13.64267
11.85972 , 13.64382
11.86072 , 13.64497
11.86172 , 13.64612
11.86272 , 13.64727
11.86372 , 13.64842
11.86472 , 13.64957
11.86572 , 13.65072
11.86672 , 13.65187
11.86772 , 13.65302
11.86872 , 13.65417
11.86972 , 13.65532
11.87072 , 13.65647
11.87172 , 13.65762
11.87272 , 13.65877
11.87372 , 13.65992
11.87472 , 13.66107
11.87572 , 13.66222
11.87672 , 13.66337
11.87772 , 13.66452
11.87872 , 13.66567
11.87972 , 13.66682
11.88072 , 13.66797
11.88172 , 13.66912
11.88272 , 13.67027
11.88372 , 13.67142
11.88472 , 13.67257
11.88572 , 13.67372
11.88672 , 13.67487
11.88772 , 13.67602
11.88872 , 13.67717
11.88972 , 13.67832
11.89072 , 13.67947
11.89172 , 13.68062
11.89272 , 13.68177
11.89372 , 13.68292
11.89472 , 13.68407
11.89572 , 13.68522
11.89672 , 13.68637
11.89772 , 13.68752
11.89872 , 13.68867
11.89972 , 13.68982
11.90072 , 13.69097
11.90172 , 13.69212
11.90272 , 13.69327
11.90372 , 13.69442
11.90472 , 13.69557
11.90572 , 13.69672
11.90672 , 13.69787
11.90772 , 13.69902
11.90872 , 13.70017
11.90972 , 13.70132
11.91072 , 13.70247
11.91172 , 13.70362
11.91272 , 13.70477
11.91372 , 13.70592
11.91472 , 13.70707
11.91572 , 13.70822
11.91672 , 13.70937
11.91772 , 13.71052
11.91872 , 13.71167
11.91972 , 13.71282
11.92072 , 13.71397
11.92172 , 13.71512
11.92272 , 13.71627
11.92372 , 13.71742
11.92472 , 13.71857
11.92572 , 13.71972
11.92672 , 13.72087
11.92772 , 13.72202
11.92872 , 13.72317
11.92972 , 13.72432
11.93072 , 13.72547
11.93172 , 13.72662
11.93272 , 13.72777
11.93372 , 13.72892
11.93472 , 13.73007
11.93572 , 13.73122
11.93672 , 13.73237
11.93772 , 13.73352
11.93872 , 13.73467
11.93972 , 13.73582
11.94072 , 13.73697
11.94172 , 13.73812
11.94272 , 13.73927
11.94372 , 13.74042
11.94472 , 13.74157
11.94572 , 13.74272
11.94672 , 13.74387
11.94772 , 13.74502
11.94872 , 13.74617
11.94972 , 13.74732
11.95072 , 13.74847
11.95172 , 13.74962
11.95272 , 13.75077
11.95372 , 13.75192
11.95472 , 13.75307
11.95572 , 13.75422
11.95672 , 13.75537
11.95772 , 13.75652
11.95872 , 13.75767
11.95972 , 13.75882
11.96072 , 13.75997
11.96172 , 13.76112
11.96272 , 13.76227
11.96372 , 13.76342
11.96472 , 13.76457
11.96572 , 13.76572
11.96672 , 13.76687
11.96772 , 13.76802
11.96872 , 13.76917
11.96972 , 13.77032
11.97072 , 13.77147
11.97172 , 13.77262
11.97272 , 13.77377
11.97372 , 13.77492
11.97472 , 13.77607
11.97572 , 13.77722
11.97672 , 13.77837
11.97772 , 13.77952
11.97872 , 13.78067
11.97972 , 13.78182
11.98072 , 13.78297
11.98172 , 13.78412
11.98272 , 13.78527
11.98372 , 13.78642
11.98472 , 13.78757
11.98572 , 13.78872
11.98672 , 13.78987
11.98772 , 13.79102
11.98872 , 13.79217
11.98972 , 13.79332
11.99072 , 13.79447
11.99172 , 13.79562
11.99272 , 13.79677
11.99372 , 13.79792
11.99472 , 13.79907
11.99572 , 13.80022
11.99672 , 13.80137
11.99772 , 13.80252
11.99872 , 13.80367
11.99972 , 13.80482
