n, chi2, alfa, beta, gama
-1, 3.531191, 4.0000, 0.8300, -0.4100
0, 3.878050, 4.0614, 0.8221, -0.4509
1, 5.542463, 3.9122, 0.8711, -0.4576
2, 4.295930, 4.2767, 0.7934, -0.4168
3, 4.628512, 4.0770, 0.8318, -0.3430
4, 3.525785, 3.8003, 0.8698, -0.4061
5, 3.583027, 3.7316, 0.8757, -0.3802
6, 4.375685, 4.8165, 0.7180, -0.5078
7, 7.513764, 4.4438, 0.8531, -0.1996
8, 4.947720, 4.0358, 0.8658, -0.2646
9, 5.595330, 3.9654, 0.7946, -0.4464
10, 5.433086, 4.5747, 0.7725, -0.3522
11, 19.056959, 4.0486, 0.7311, -0.3948
12, 19.586787, 6.2347, 0.8255, -0.2596
13, 5.016240, 4.4978, 0.7742, -0.3808
14, 5.269134, 3.9963, 0.8338, -0.3453
15, 5.278709, 4.2032, 0.8212, -0.4668
16, 4.901535, 4.2521, 0.8318, -0.2872
17, 4.145258, 3.9469, 0.8539, -0.3428
18, 5.461735, 3.5659, 0.8807, -0.3533
19, 5.778627, 3.9988, 0.8577, -0.4495
20, 7.209036, 4.3110, 0.8033, -0.5317
21, 5.555914, 4.9878, 0.8605, -0.2193
22, 4.515639, 4.2516, 0.8219, -0.3407
23, 6.796836, 3.6500, 0.9003, -0.4649
24, 7.765410, 3.6679, 0.8119, -0.4178
25, 4.370571, 3.6308, 0.8802, -0.4509
26, 5.315019, 3.8337, 0.8922, -0.3213
27, 5.013571, 3.5571, 0.9055, -0.3279
28, 5.103396, 4.2441, 0.8179, -0.3966
29, 5.192739, 4.3476, 0.7733, -0.4122
30, 6.474120, 3.3464, 0.9053, -0.4302
31, 5.550836, 4.2661, 0.8006, -0.5154
32, 4.320814, 3.4887, 0.9073, -0.3779
33, 6.089315, 4.6522, 0.7275, -0.4173
34, 6.236009, 5.2697, 0.6653, -0.4913
35, 3.750878, 4.0932, 0.7957, -0.4869
36, 4.912863, 4.4666, 0.7695, -0.4335
37, 5.595190, 4.6269, 0.9063, -0.2194
38, 8.929818, 5.0935, 0.7324, -0.3649
39, 7.763965, 4.2746, 0.8352, -0.3542
40, 8.370984, 4.4304, 0.7254, -0.4353
41, 3.376724, 3.6362, 0.9002, -0.3886
42, 3.442235, 3.5636, 0.9080, -0.4104
43, 7.707689, 3.3368, 0.8961, -0.3927
44, 5.693646, 4.4527, 0.9076, -0.2079
45, 4.589295, 3.9401, 0.8194, -0.3961
46, 4.398917, 4.2853, 0.8163, -0.3347
47, 4.507776, 3.4508, 0.8947, -0.4080
48, 3.835233, 3.6126, 0.8665, -0.3987
49, 8.949678, 5.2658, 0.7562, -0.2946
50, 9.308717, 5.9703, 0.6568, -0.3034
51, 3.349994, 3.9151, 0.8462, -0.4564
52, 5.458226, 4.5925, 0.7814, -0.3385
53, 3.820563, 4.2919, 0.7895, -0.4514
54, 5.428079, 4.1229, 0.8170, -0.3460
55, 5.011101, 3.8935, 0.8987, -0.2613
56, 11.671373, 3.9019, 0.8601, -0.2537
57, 3.678624, 4.0767, 0.8300, -0.4069
58, 5.462637, 4.6636, 0.7569, -0.4188
59, 9.666819, 5.2390, 0.7640, -0.2922
60, 9.658115, 3.8529, 0.8623, -0.5145
61, 6.382651, 3.7988, 0.9098, -0.2787
62, 3.684552, 3.6093, 0.8937, -0.4335
63, 6.089943, 3.8806, 0.8605, -0.4801
64, 3.837161, 3.7875, 0.8378, -0.4308
65, 3.775994, 3.8038, 0.8705, -0.3933
66, 4.034769, 3.8571, 0.8226, -0.4353
67, 3.832743, 4.2709, 0.7940, -0.4389
68, 4.319993, 3.9170, 0.8131, -0.4622
69, 7.122628, 3.2320, 0.9402, -0.4326
70, 5.591544, 3.6851, 0.8424, -0.4405
71, 9.935288, 3.6408, 0.9368, -0.3427
72, 9.497066, 5.4629, 0.7014, -0.3729
73, 9.903099, 4.7104, 0.9058, -0.2554
74, 4.407068, 4.1974, 0.8082, -0.4804
75, 4.725637, 4.3068, 0.8017, -0.3576
76, 3.431890, 4.1884, 0.7920, -0.4559
77, 6.172670, 4.2155, 0.9527, -0.1873
78, 4.305486, 3.8592, 0.8548, -0.3597
79, 4.798529, 4.7283, 0.7462, -0.4720
80, 8.138429, 4.0544, 0.7711, -0.4327
81, 6.242021, 4.4496, 0.8023, -0.2835
82, 6.424380, 4.2435, 0.8173, -0.4884
83, 3.731320, 3.5304, 0.9109, -0.4204
84, 4.063220, 3.4007, 0.9349, -0.3963
85, 4.305448, 3.9163, 0.8232, -0.4084
86, 4.294131, 4.1924, 0.7845, -0.4192
87, 12.711884, 3.5879, 0.8665, -0.5092
88, 7.687409, 3.9646, 0.7690, -0.4512
89, 5.776885, 4.4404, 0.7582, -0.3922
90, 4.017328, 3.5941, 0.9107, -0.3386
91, 7.782566, 4.6033, 0.9681, -0.1594
92, 3.516108, 3.7906, 0.8569, -0.4030
93, 5.137551, 4.5651, 0.7745, -0.3776
94, 4.000534, 3.7098, 0.8629, -0.3834
95, 4.037232, 3.5469, 0.9148, -0.3342
96, 3.459207, 3.7377, 0.8551, -0.4136
97, 4.186709, 4.4166, 0.7598, -0.4547
98, 6.802144, 5.3180, 0.8356, -0.2027
99, 6.144106, 4.3277, 0.7475, -0.5176
100, 8.769512, 4.3952, 0.9753, -0.1444
101, 9.712453, 3.9263, 0.7604, -0.5014
102, 3.886312, 4.4220, 0.7773, -0.4597
103, 5.605800, 3.7172, 0.8309, -0.4568
104, 6.582597, 4.9923, 0.7511, -0.3338
105, 3.524202, 3.8679, 0.8365, -0.4688
106, 7.490329, 4.2285, 0.8322, -0.4089
107, 4.827933, 3.6340, 0.8614, -0.3760
108, 4.393946, 4.0766, 0.8395, -0.3883
109, 4.262555, 4.0135, 0.8469, -0.3683
110, 4.703867, 3.9133, 0.8860, -0.2927
111, 3.503174, 4.2585, 0.7740, -0.4638
112, 3.679559, 3.9570, 0.8477, -0.4173
113, 5.831576, 4.2092, 0.7783, -0.4006
114, 5.416672, 4.5214, 0.7292, -0.5257
115, 6.337137, 5.4822, 0.7751, -0.2611
116, 6.787719, 4.3701, 0.8148, -0.3599
117, 7.325616, 3.0147, 1.0145, -0.3528
118, 6.071328, 4.5704, 0.7729, -0.4960
119, 8.201466, 4.3604, 0.8337, -0.3376
120, 4.724602, 3.5587, 0.8846, -0.4361
121, 3.641628, 3.9738, 0.8151, -0.4403
122, 10.344894, 4.1032, 0.7482, -0.4100
123, 5.089110, 4.5617, 0.7657, -0.3907
124, 4.244522, 4.0659, 0.8287, -0.3824
125, 4.108461, 3.8977, 0.8601, -0.3478
126, 3.311052, 3.7873, 0.8756, -0.4049
127, 4.510803, 4.1623, 0.8067, -0.5027
128, 5.818681, 3.9489, 0.8020, -0.4991
129, 4.969095, 4.2592, 0.8289, -0.3071
130, 5.362180, 4.3690, 0.7861, -0.3573
131, 5.374381, 5.4444, 0.8310, -0.2118
132, 6.997864, 4.8854, 0.7087, -0.4078
133, 7.363383, 3.8250, 0.8420, -0.5043
134, 4.723928, 3.4873, 0.9319, -0.4063
135, 3.417547, 3.5651, 0.8782, -0.4240
136, 8.016721, 4.3707, 0.7900, -0.5447
137, 6.386411, 4.6163, 0.8023, -0.3051
138, 4.912117, 4.5750, 0.7307, -0.4655
139, 3.790394, 4.5238, 0.7396, -0.4927
140, 4.741801, 3.4726, 0.9395, -0.3688
141, 5.400966, 3.2297, 0.9379, -0.3735
142, 4.419002, 4.3441, 0.8135, -0.3356
143, 7.085801, 5.1243, 0.7109, -0.5405
144, 4.928882, 3.9419, 0.8392, -0.3677
145, 4.831550, 3.8628, 0.8782, -0.3095
146, 5.245610, 3.3135, 0.9358, -0.3655
147, 3.663883, 4.3650, 0.7617, -0.4733
148, 5.683687, 3.8465, 0.7909, -0.4667
149, 4.333446, 3.7870, 0.8859, -0.4258
150, 6.385937, 3.9512, 0.8322, -0.5081
151, 4.677971, 3.8992, 0.8733, -0.3789
152, 6.110607, 4.3574, 0.8590, -0.2525
153, 3.366596, 3.5304, 0.8926, -0.4189
154, 5.175684, 4.7748, 0.7079, -0.5419
155, 3.927815, 4.3071, 0.7772, -0.4918
156, 3.919392, 4.2136, 0.8113, -0.4265
157, 4.600486, 3.7394, 0.8418, -0.3962
158, 10.636277, 3.6036, 0.8143, -0.4704
159, 9.188960, 4.3234, 0.8202, -0.4467
160, 8.488485, 3.9947, 0.7980, -0.5253
161, 5.714220, 4.7035, 0.7211, -0.4301
162, 4.146504, 4.0155, 0.8385, -0.3732
163, 4.150560, 4.4735, 0.7572, -0.4606
164, 7.079287, 4.3170, 0.8352, -0.3260
165, 13.634622, 5.1765, 0.7290, -0.3977
166, 8.582221, 4.2169, 0.7426, -0.5477
167, 3.725118, 3.9908, 0.8102, -0.4364
168, 6.415670, 3.1532, 0.9995, -0.3043
169, 5.691856, 4.3400, 0.7955, -0.5181
170, 3.519902, 3.8575, 0.8394, -0.4452
171, 5.046509, 3.2807, 0.9396, -0.3901
172, 7.137144, 3.5788, 0.8716, -0.4682
173, 6.126121, 4.6119, 0.7585, -0.5338
174, 6.194977, 4.9093, 0.7257, -0.4556
175, 4.872556, 3.4162, 0.8948, -0.4102
176, 5.439184, 4.0804, 0.8426, -0.4333
177, 6.440210, 3.7744, 0.8093, -0.4490
178, 4.902696, 4.2194, 0.7715, -0.4229
179, 7.004807, 4.5423, 0.7253, -0.4412
180, 3.448515, 3.3840, 0.9439, -0.3704
181, 7.435845, 5.0700, 0.7059, -0.4043
182, 4.730396, 3.5212, 0.8964, -0.3629
183, 4.033411, 3.9087, 0.8599, -0.3661
184, 5.124211, 4.3199, 0.8546, -0.2313
185, 5.601055, 3.5702, 0.8647, -0.4483
186, 7.402833, 4.7592, 0.7569, -0.4286
187, 5.261834, 4.1309, 0.8134, -0.5065
188, 5.202565, 4.2101, 0.8616, -0.2733
189, 9.930560, 5.4110, 0.6880, -0.3962
190, 3.894483, 3.7697, 0.8836, -0.4102
191, 4.196926, 4.6759, 0.7161, -0.4969
192, 4.304508, 4.2899, 0.7968, -0.4171
193, 4.252549, 3.9375, 0.8702, -0.3589
194, 5.774963, 3.7974, 0.8803, -0.4719
195, 3.808194, 3.6944, 0.8520, -0.4072
196, 5.898602, 3.7206, 0.8207, -0.4552
197, 8.448579, 4.4645, 0.8618, -0.2711
198, 8.716930, 3.7988, 0.7868, -0.4514
199, 6.904034, 2.9213, 1.0336, -0.2662
200, 4.657440, 4.5758, 0.7530, -0.4694
201, 5.323909, 4.1466, 0.7732, -0.4753
202, 6.569014, 4.4512, 0.7229, -0.5518
203, 4.882218, 4.0137, 0.8888, -0.2560
204, 9.041156, 4.5524, 0.7903, -0.4886
205, 3.929306, 3.9919, 0.8229, -0.3977
206, 6.257782, 5.4275, 0.6391, -0.5156
207, 3.607516, 3.4391, 0.9271, -0.3701
208, 4.969413, 3.4985, 0.9390, -0.3925
209, 3.531681, 3.7056, 0.8615, -0.3983
210, 5.706442, 4.0619, 0.8522, -0.3780
211, 5.062773, 5.7016, 0.8309, -0.2055
212, 5.456962, 4.6087, 0.7706, -0.3658
213, 4.041530, 4.4739, 0.7770, -0.4581
214, 5.341837, 4.5149, 0.7910, -0.3660
215, 4.880518, 4.4386, 0.8028, -0.3571
216, 3.265075, 3.8261, 0.8318, -0.4553
217, 3.851607, 3.8311, 0.8269, -0.4438
218, 4.957928, 4.6684, 0.7274, -0.4711
219, 3.439377, 3.8414, 0.8560, -0.4364
220, 7.338099, 3.6089, 0.9037, -0.4673
221, 5.762864, 5.4206, 0.6347, -0.5759
222, 3.854670, 4.0244, 0.8199, -0.4679
223, 4.638848, 3.9887, 0.8378, -0.4865
224, 7.533782, 3.9999, 0.7621, -0.4862
225, 12.642533, 3.8086, 0.8279, -0.5309
226, 8.987902, 3.4014, 0.8901, -0.4591
227, 4.889790, 4.7030, 0.7313, -0.4545
228, 4.093820, 3.9437, 0.8109, -0.4278
229, 4.270890, 4.3130, 0.7594, -0.4857
230, 3.432830, 3.8572, 0.8555, -0.4110
231, 4.218784, 4.3798, 0.7855, -0.4442
232, 5.338794, 4.5885, 0.7087, -0.5105
233, 5.013815, 4.3384, 0.8380, -0.2655
234, 4.218957, 3.9746, 0.8615, -0.3303
235, 7.747898, 3.5348, 0.8744, -0.4785
236, 5.935514, 3.9485, 0.8745, -0.4084
237, 3.490267, 3.8825, 0.8487, -0.4134
238, 4.876555, 3.7351, 0.9035, -0.2790
239, 4.636660, 4.1118, 0.8331, -0.3312
240, 4.341435, 3.3645, 0.9323, -0.3488
241, 5.566464, 3.8094, 0.8272, -0.3952
242, 4.444656, 4.1131, 0.8540, -0.3031
243, 6.056113, 3.9664, 0.7978, -0.4334
244, 4.113755, 4.0233, 0.8034, -0.4250
245, 6.278822, 3.7317, 0.8979, -0.4270
246, 6.563432, 3.5491, 0.8529, -0.4287
247, 6.638697, 4.6283, 0.7693, -0.3160
248, 6.625114, 4.1767, 0.8320, -0.2842
249, 6.720258, 4.8449, 0.7397, -0.3577
250, 6.853843, 3.8154, 0.8572, -0.3186
251, 6.793614, 3.7029, 0.9069, -0.4069
252, 5.274033, 4.3463, 0.7979, -0.4129
253, 10.697185, 4.5266, 0.8063, -0.3784
254, 8.457693, 3.2180, 0.9506, -0.4456
255, 8.393378, 4.4803, 0.7953, -0.4150
256, 8.780039, 3.3269, 0.9730, -0.3353
257, 7.116283, 4.3354, 0.8095, -0.4839
258, 7.177805, 4.1257, 0.8507, -0.3409
259, 4.874406, 4.8089, 0.6995, -0.5260
260, 9.312475, 3.0070, 0.9878, -0.2968
261, 9.119567, 4.2497, 0.8295, -0.5073
262, 4.429214, 3.6346, 0.9103, -0.3526
263, 3.268662, 3.5189, 0.9140, -0.4008
264, 5.515501, 3.7838, 0.8484, -0.4816
265, 3.360549, 3.5594, 0.9124, -0.3807
266, 3.796304, 4.1106, 0.8154, -0.4105
267, 5.579942, 4.0419, 0.8846, -0.2318
268, 5.598730, 4.2071, 0.7981, -0.5186
269, 7.770592, 4.0661, 0.8523, -0.4135
270, 5.687127, 4.7469, 0.8143, -0.2406
271, 6.007796, 4.8831, 0.6893, -0.4607
272, 5.465825, 3.8390, 0.8519, -0.3371
273, 5.545727, 4.2051, 0.8373, -0.2745
274, 5.405076, 3.7209, 0.8854, -0.4620
275, 4.208670, 4.0423, 0.8284, -0.4848
276, 5.783545, 4.0286, 0.8144, -0.3684
277, 5.881331, 4.6195, 0.7718, -0.3852
278, 4.538049, 4.2583, 0.7907, -0.4138
279, 3.706336, 3.8890, 0.8545, -0.3803
280, 4.379569, 3.8490, 0.8833, -0.3197
281, 3.639375, 3.9584, 0.8165, -0.4357
282, 4.634022, 3.9160, 0.8685, -0.4252
283, 5.456174, 5.1655, 0.6533, -0.5283
284, 6.650064, 4.0816, 0.7554, -0.5008
285, 6.861080, 4.8948, 0.7363, -0.4784
286, 4.471165, 4.0504, 0.8394, -0.4278
287, 3.278819, 3.7534, 0.8725, -0.4250
288, 6.270562, 5.0881, 0.8255, -0.2396
289, 6.345207, 3.7736, 0.8328, -0.3799
290, 4.517478, 4.3900, 0.7763, -0.4266
291, 6.142114, 6.1543, 0.7367, -0.2277
292, 5.328694, 4.3476, 0.8408, -0.2831
293, 5.272672, 3.8207, 0.8774, -0.4583
294, 6.058246, 3.6404, 0.8501, -0.3805
295, 6.319589, 5.1656, 0.9090, -0.1816
296, 3.456113, 4.1299, 0.8088, -0.4510
297, 3.470041, 3.9304, 0.8414, -0.4306
298, 6.429307, 3.4098, 0.9553, -0.3958
299, 4.711437, 4.1756, 0.8468, -0.3028
300, 3.554403, 4.2248, 0.8083, -0.4549
301, 8.079942, 4.7632, 0.7223, -0.5821
302, 4.312159, 4.2163, 0.8150, -0.3595
303, 8.121922, 5.0541, 0.8711, -0.1669
304, 6.653523, 3.8520, 0.8699, -0.4763
305, 6.155967, 4.4276, 0.7603, -0.3806
306, 5.100708, 3.5096, 0.8812, -0.4358
307, 8.583846, 4.6244, 0.7486, -0.3594
308, 5.730061, 4.5299, 0.7812, -0.4662
309, 6.666213, 3.5761, 0.9606, -0.2143
310, 7.633781, 3.8567, 0.7811, -0.4842
311, 5.243620, 3.8906, 0.8761, -0.3946
312, 5.990324, 3.9690, 0.8588, -0.4515
313, 9.812470, 4.9219, 0.7476, -0.2755
314, 3.670000, 4.4641, 0.7617, -0.4860
315, 5.080285, 4.5892, 0.7397, -0.4273
316, 6.667294, 3.8400, 0.8893, -0.3649
317, 6.163215, 5.1532, 0.7535, -0.2660
318, 7.707135, 3.5901, 0.9409, -0.2839
319, 6.162280, 4.7907, 0.7488, -0.3993
320, 8.061490, 4.5728, 0.7618, -0.3387
321, 10.597200, 4.7311, 0.7777, -0.3766
322, 5.740887, 4.0077, 0.7754, -0.5056
323, 5.693718, 3.7591, 0.8528, -0.3496
324, 4.047958, 3.5205, 0.9105, -0.4257
325, 6.443485, 3.8160, 0.7989, -0.4870
326, 6.489774, 4.4621, 0.7959, -0.3909
327, 4.262396, 4.8259, 0.7040, -0.5188
328, 10.720590, 4.7424, 0.8132, -0.1878
329, 4.876559, 4.9168, 0.6937, -0.4876
330, 9.057530, 4.1792, 0.8479, -0.3546
331, 4.130753, 3.5609, 0.9254, -0.3495
332, 6.341681, 3.9362, 0.7946, -0.4408
333, 4.816535, 4.1974, 0.8052, -0.3910
334, 5.688895, 5.2249, 0.7380, -0.2915
335, 6.062312, 3.5867, 0.9407, -0.2691
336, 5.613750, 4.4849, 0.7861, -0.3356
337, 7.349477, 5.0723, 0.7222, -0.4338
338, 6.683821, 4.3226, 0.8083, -0.4964
339, 4.951240, 3.9137, 0.8822, -0.3166
340, 3.966871, 4.0214, 0.8419, -0.4006
341, 3.519014, 3.9086, 0.8454, -0.4126
342, 5.835806, 3.3651, 0.9294, -0.4295
343, 9.991064, 5.1571, 0.8774, -0.2336
344, 5.566699, 4.6961, 0.7515, -0.4760
345, 3.296500, 3.5951, 0.8911, -0.4286
346, 4.718924, 4.3998, 0.8375, -0.2504
347, 7.504342, 3.9821, 0.7868, -0.4244
348, 7.866552, 3.5156, 0.9219, -0.4615
349, 7.432155, 4.4191, 0.7311, -0.4360
350, 7.261564, 4.5219, 0.7693, -0.3409
351, 11.995456, 3.4731, 0.8898, -0.2965
352, 7.947269, 3.6670, 0.8587, -0.4915
353, 5.142137, 4.2260, 0.7921, -0.3880
354, 7.833092, 3.9925, 0.8159, -0.5260
355, 3.402245, 3.7805, 0.8760, -0.3980
356, 3.574588, 3.9493, 0.8347, -0.4037
357, 5.244750, 4.1423, 0.8193, -0.5031
358, 6.040635, 4.9308, 0.7138, -0.4550
359, 5.806066, 4.0452, 0.9237, -0.2264
360, 5.009313, 4.3423, 0.7685, -0.5292
361, 7.427701, 5.0263, 0.7123, -0.4572
362, 5.220729, 4.2509, 0.8359, -0.2816
363, 3.281992, 3.7213, 0.8826, -0.4072
364, 8.403381, 4.7185, 0.9672, -0.1532
365, 4.287545, 3.7472, 0.8394, -0.4142
366, 3.685502, 3.6507, 0.9035, -0.4182
367, 3.210803, 3.5560, 0.8994, -0.4164
368, 18.993882, 3.8803, 0.8953, -0.4613
369, 11.178140, 3.3782, 0.8611, -0.4631
370, 6.801918, 4.5832, 0.7764, -0.3130
371, 6.715838, 3.8133, 0.8458, -0.3382
372, 6.682116, 3.6987, 0.8378, -0.4649
373, 7.759746, 4.5985, 0.7871, -0.4094
374, 7.874309, 3.5778, 0.8452, -0.4570
375, 8.358895, 4.8829, 0.9052, -0.2195
376, 4.135874, 3.5811, 0.9206, -0.2994
377, 6.235631, 5.2336, 0.8489, -0.2269
378, 5.223455, 4.4040, 0.8217, -0.2606
379, 4.007409, 3.8103, 0.8819, -0.4098
380, 4.335266, 3.7113, 0.8521, -0.3853
381, 3.474599, 4.2074, 0.7982, -0.4572
382, 5.790787, 4.1026, 0.7711, -0.5109
383, 5.103852, 4.3301, 0.8180, -0.3683
384, 4.957081, 4.1699, 0.7767, -0.5013
385, 7.411214, 4.7005, 0.8411, -0.2114
386, 4.564905, 4.0998, 0.8328, -0.3411
387, 6.129793, 4.5173, 0.8495, -0.2552
388, 7.135574, 4.8120, 0.8800, -0.1898
389, 5.984825, 4.8242, 0.8142, -0.2569
390, 7.481633, 4.6009, 0.7494, -0.3706
391, 8.087080, 3.8869, 0.8786, -0.4593
392, 4.251286, 3.8353, 0.8237, -0.4334
393, 7.831549, 3.6527, 0.9125, -0.4448
394, 6.608058, 4.1810, 0.8254, -0.5041
395, 4.622683, 4.3895, 0.8004, -0.3422
396, 8.089527, 4.0029, 0.8582, -0.4836
397, 5.318733, 4.6460, 0.7543, -0.4307
398, 6.178362, 3.2267, 0.9947, -0.2893
399, 5.595982, 3.9649, 0.7929, -0.4611
400, 5.041537, 4.2419, 0.7884, -0.3823
401, 6.047253, 4.9869, 0.7925, -0.2515
402, 5.889035, 3.8881, 0.8621, -0.3053
403, 10.481436, 3.5849, 0.8190, -0.4197
404, 14.848207, 4.9358, 0.6627, -0.4069
405, 4.275973, 4.0482, 0.7986, -0.4280
406, 5.735334, 4.1794, 0.7717, -0.4412
407, 4.367566, 4.0764, 0.8598, -0.2938
408, 3.933718, 4.0366, 0.8038, -0.4758
409, 6.728437, 4.0881, 0.7527, -0.4470
410, 6.632073, 4.9116, 0.7436, -0.3282
411, 8.006394, 3.9075, 0.7890, -0.5125
412, 6.069494, 4.7030, 0.7577, -0.4484
413, 14.901696, 3.6178, 0.8534, -0.5223
414, 10.450595, 4.1716, 0.8459, -0.4712
415, 3.243439, 3.7347, 0.8653, -0.4439
416, 3.386821, 3.6119, 0.8692, -0.4318
417, 4.899150, 4.0060, 0.8482, -0.4293
418, 6.671365, 3.7702, 0.8536, -0.4949
419, 5.755809, 4.3002, 0.7772, -0.3916
420, 4.695322, 4.1667, 0.8095, -0.3767
421, 3.485329, 3.6788, 0.8569, -0.4400
422, 5.162752, 4.3201, 0.7393, -0.4874
423, 5.555402, 4.2947, 0.7584, -0.4266
424, 5.860970, 4.0731, 0.7685, -0.4679
425, 3.685938, 4.0290, 0.8194, -0.4137
426, 5.430102, 4.7172, 0.8092, -0.2472
427, 3.228543, 3.8435, 0.8373, -0.4515
428, 5.657856, 4.7819, 0.7861, -0.2854
429, 6.340353, 3.4659, 0.8805, -0.3650
430, 4.291321, 4.0470, 0.8520, -0.3341
431, 9.274762, 4.3143, 0.8647, -0.2707
432, 6.790237, 4.4789, 0.7952, -0.4640
433, 4.897268, 3.9777, 0.8721, -0.3176
434, 5.926264, 4.6025, 0.7485, -0.5383
435, 9.350270, 4.9658, 0.6956, -0.3772
436, 10.379428, 3.7657, 0.8231, -0.5090
437, 3.961266, 3.7307, 0.8456, -0.4086
438, 4.648322, 4.0244, 0.8005, -0.4078
439, 5.429496, 4.2730, 0.7908, -0.3701
440, 6.578123, 4.3464, 0.8003, -0.3107
441, 4.662659, 4.3558, 0.7949, -0.3706
442, 4.057130, 4.1567, 0.8173, -0.4065
443, 8.541924, 4.8206, 0.8858, -0.2517
444, 5.449391, 4.6989, 0.8316, -0.2350
445, 7.437555, 4.0548, 0.8622, -0.4420
446, 3.807098, 4.4827, 0.7507, -0.4819
447, 5.643970, 4.1923, 0.8002, -0.3643
448, 5.621144, 4.8220, 0.8020, -0.2346
449, 4.624269, 4.8189, 0.7132, -0.5150
450, 6.650857, 5.1264, 0.7725, -0.2524
451, 5.435211, 4.9436, 0.6544, -0.5455
452, 7.104563, 3.7326, 0.8029, -0.4356
453, 7.535244, 4.4790, 0.7490, -0.3758
454, 9.254395, 4.0538, 0.7884, -0.3597
455, 7.893848, 5.0078, 0.6999, -0.3908
456, 7.199454, 3.8247, 0.8947, -0.4346
457, 5.746992, 4.0778, 0.9380, -0.2256
458, 5.026068, 3.7141, 0.8477, -0.3798
459, 5.403930, 5.4317, 0.8341, -0.2099
460, 3.897989, 3.9531, 0.8197, -0.4228
461, 5.174663, 4.1217, 0.7857, -0.4094
462, 6.295900, 4.8312, 0.7396, -0.3865
463, 6.028485, 3.2407, 0.9701, -0.4039
464, 3.432028, 3.7069, 0.8796, -0.3948
465, 7.583425, 4.8621, 0.6893, -0.5770
466, 3.333294, 3.6404, 0.8758, -0.4084
467, 6.290366, 4.3715, 0.7385, -0.5400
468, 4.859481, 3.4660, 0.8809, -0.4069
469, 5.791348, 4.3401, 0.8330, -0.3095
470, 4.307631, 4.9017, 0.6939, -0.5234
471, 6.173423, 4.1266, 0.8136, -0.3411
472, 6.637211, 4.4288, 0.7938, -0.4967
473, 6.034833, 3.7040, 0.8829, -0.4733
474, 4.992361, 4.3456, 0.7769, -0.3968
475, 8.998371, 5.2268, 0.7071, -0.3437
476, 9.290360, 3.3862, 0.8791, -0.4530
477, 11.199659, 3.5620, 0.8276, -0.4777
478, 9.097429, 3.7105, 0.9018, -0.4873
479, 6.344495, 4.0265, 0.7959, -0.5129
480, 5.154356, 4.0133, 0.7955, -0.4724
481, 3.597148, 3.9810, 0.8230, -0.4279
482, 6.854886, 3.8894, 0.8593, -0.4984
483, 3.865007, 3.9165, 0.8316, -0.3926
484, 5.222043, 4.0062, 0.8459, -0.4582
485, 5.544102, 3.7096, 0.8923, -0.2926
486, 4.845986, 3.8238, 0.8916, -0.2821
487, 4.152901, 3.8836, 0.8387, -0.3815
488, 3.739105, 4.4181, 0.7580, -0.4728
489, 5.738728, 4.7097, 0.8154, -0.2251
490, 5.920321, 4.5453, 0.9124, -0.2268
491, 3.935695, 4.1093, 0.7964, -0.4716
492, 7.809182, 4.6870, 0.7706, -0.4647
493, 7.859710, 4.3902, 0.7955, -0.2950
494, 6.187713, 4.7101, 0.7578, -0.4964
495, 5.119913, 3.5311, 0.8823, -0.3634
496, 8.098190, 3.5601, 0.8476, -0.3939
497, 6.373844, 4.2418, 0.7928, -0.5340
498, 6.648883, 5.9754, 0.7774, -0.1841
499, 3.645154, 3.9715, 0.8286, -0.4256
500, 5.002215, 3.9707, 0.8383, -0.3518
501, 4.655827, 3.8984, 0.8682, -0.4333
502, 7.978196, 4.1924, 0.7363, -0.5328
503, 3.579283, 3.8054, 0.8685, -0.4344
504, 4.371552, 3.8463, 0.8796, -0.3631
505, 3.925549, 3.5190, 0.9187, -0.4169
506, 5.345038, 4.4486, 0.7868, -0.4888
507, 5.300942, 4.3442, 0.7928, -0.3546
508, 6.407043, 4.7174, 0.7503, -0.3553
509, 5.023964, 4.6789, 0.7220, -0.4708
510, 4.977559, 4.7784, 0.7206, -0.4572
511, 4.639321, 3.7530, 0.8537, -0.3746
512, 5.367900, 4.5778, 0.7783, -0.3504
513, 4.935151, 4.4775, 0.7667, -0.4318
514, 3.948516, 4.0643, 0.8194, -0.4527
515, 4.079900, 4.1045, 0.8274, -0.4307
516, 3.974618, 4.5604, 0.7356, -0.4807
517, 6.604470, 3.8043, 0.8072, -0.4564
518, 6.789352, 4.2018, 0.9120, -0.1943
519, 7.520318, 3.6308, 0.8176, -0.4191
520, 9.944214, 4.7689, 0.6929, -0.4206
521, 5.405460, 4.2422, 0.7427, -0.4960
522, 4.201034, 3.9628, 0.8144, -0.4905
523, 4.661703, 4.0773, 0.8753, -0.2718
524, 4.083341, 3.6393, 0.8957, -0.4356
525, 5.562728, 4.7841, 0.6775, -0.5194
526, 3.949925, 3.7856, 0.8926, -0.3416
527, 3.839996, 3.9137, 0.8215, -0.4220
528, 4.131897, 4.4282, 0.7814, -0.4825
529, 3.847101, 3.9837, 0.8271, -0.4770
530, 6.242171, 3.8463, 0.8201, -0.3842
531, 4.525115, 4.5930, 0.7459, -0.4694
532, 9.614168, 5.0026, 0.7373, -0.5076
533, 10.336939, 4.4822, 0.8056, -0.4648
534, 7.394801, 3.9059, 0.8331, -0.3342
535, 3.801151, 3.4680, 0.9171, -0.3530
536, 6.159467, 3.4140, 0.9473, -0.2518
537, 5.587127, 3.5831, 0.8574, -0.3920
538, 4.290749, 4.0254, 0.8607, -0.2903
539, 8.545478, 3.9381, 0.7703, -0.4102
540, 6.598552, 3.8430, 0.8142, -0.4199
541, 11.209717, 3.6271, 0.8884, -0.2825
542, 4.600647, 3.5593, 0.8699, -0.3784
543, 3.761149, 3.7546, 0.8628, -0.3871
544, 7.205591, 3.6755, 0.9063, -0.4547
545, 3.532209, 4.2617, 0.7839, -0.4640
546, 4.587019, 4.2404, 0.8142, -0.4451
547, 5.961419, 4.2732, 0.8291, -0.3499
548, 5.157731, 4.4461, 0.8504, -0.2331
549, 6.223707, 4.2286, 0.8056, -0.5184
550, 8.656801, 3.5356, 0.8353, -0.4124
551, 5.672766, 4.2790, 0.8115, -0.4438
552, 3.518558, 3.6779, 0.8653, -0.4427
553, 5.289543, 4.5902, 0.7012, -0.5029
554, 4.187900, 4.1967, 0.7876, -0.4237
555, 3.868030, 3.9849, 0.8623, -0.3393
556, 8.090017, 3.8679, 0.7927, -0.4196
557, 4.299855, 4.4796, 0.7502, -0.4605
558, 9.472817, 4.3612, 0.7087, -0.4694
559, 9.341672, 4.0272, 0.8294, -0.3029
560, 9.556908, 3.1784, 0.9587, -0.4520
561, 6.774950, 4.4921, 0.7129, -0.5531
562, 6.116433, 4.7178, 0.7783, -0.2979
563, 5.457210, 3.5152, 0.8970, -0.4446
564, 6.035436, 4.1400, 0.8350, -0.3799
565, 6.571257, 4.6341, 0.7699, -0.3148
566, 7.718030, 4.1168, 0.8615, -0.3547
567, 5.392307, 3.6136, 0.8603, -0.4515
568, 6.233670, 4.0456, 0.8486, -0.2896
569, 4.638547, 4.0126, 0.8436, -0.3381
570, 5.773784, 3.2574, 0.9497, -0.4111
571, 5.437382, 3.7275, 0.9087, -0.3201
572, 6.787003, 4.0695, 0.7946, -0.3703
573, 5.668186, 4.0440, 0.8448, -0.4608
574, 5.974247, 3.2929, 0.9603, -0.4067
575, 6.088946, 4.4902, 0.7422, -0.4103
576, 6.766980, 3.5584, 0.8591, -0.3811
577, 3.696563, 4.3220, 0.7681, -0.4619
578, 3.963087, 3.8451, 0.8429, -0.3935
579, 5.184478, 4.1631, 0.7945, -0.3987
580, 3.951744, 4.0666, 0.8162, -0.4856
581, 3.664718, 4.3479, 0.7771, -0.4824
582, 3.843509, 4.2415, 0.7820, -0.4824
583, 3.747003, 4.1642, 0.8054, -0.4297
584, 8.010155, 4.1979, 0.9069, -0.2632
585, 10.491516, 3.8971, 0.7791, -0.4009
586, 5.007901, 4.0024, 0.8072, -0.3953
587, 3.966833, 4.0410, 0.8321, -0.4578
588, 3.901373, 3.7838, 0.8520, -0.3855
589, 4.975450, 3.5268, 0.9328, -0.3676
590, 3.885941, 3.6962, 0.8934, -0.3420
591, 6.062164, 4.5956, 0.8158, -0.2353
592, 11.654012, 3.8679, 0.7907, -0.3901
593, 7.695809, 3.9521, 0.8009, -0.3895
594, 5.374608, 4.4470, 0.7579, -0.4124
595, 4.504007, 3.9291, 0.8051, -0.4693
596, 6.983252, 3.6163, 0.8222, -0.4476
597, 9.651478, 4.4800, 0.8569, -0.2795
598, 5.778328, 5.3468, 0.8324, -0.2361
599, 6.884411, 3.7714, 0.8089, -0.4256
600, 5.796584, 4.3043, 0.7920, -0.3526
601, 4.194163, 3.4969, 0.8822, -0.3933
602, 6.462409, 5.0988, 0.8616, -0.2420
603, 3.997759, 3.8526, 0.8656, -0.4136
604, 6.248427, 5.0996, 0.7609, -0.2614
605, 5.962774, 4.3100, 0.8137, -0.4648
606, 3.653498, 3.7533, 0.8748, -0.3837
607, 3.655548, 3.9395, 0.8335, -0.4192
608, 4.793068, 4.8545, 0.7022, -0.4974
609, 7.990548, 3.7166, 0.9155, -0.3502
610, 8.033459, 4.6336, 0.9114, -0.2441
611, 6.208933, 4.5092, 0.7377, -0.4225
612, 5.104545, 4.2944, 0.8281, -0.2869
613, 3.954168, 3.4428, 0.9202, -0.3711
614, 7.961910, 3.5875, 0.8682, -0.3363
615, 6.432009, 3.7932, 0.8744, -0.3099
616, 6.890231, 4.5075, 0.7982, -0.2731
617, 7.630385, 3.1570, 0.9511, -0.4276
618, 5.368728, 4.4026, 0.7938, -0.4861
619, 4.877332, 4.6377, 0.7126, -0.5228
620, 4.360652, 4.1850, 0.8061, -0.4781
621, 4.327716, 4.2619, 0.8066, -0.4552
622, 11.756376, 4.0334, 0.7823, -0.3760
623, 10.552978, 4.5852, 0.7212, -0.3717
624, 5.826856, 3.9582, 0.8227, -0.3654
625, 8.873550, 4.5088, 0.7929, -0.5100
626, 14.412854, 4.9443, 0.7876, -0.3116
627, 14.966371, 4.3952, 0.8547, -0.2990
628, 3.783271, 3.6157, 0.8591, -0.4410
629, 4.063196, 4.0202, 0.8291, -0.3916
630, 3.548465, 3.6203, 0.8993, -0.3639
631, 4.588343, 4.3185, 0.7907, -0.3823
632, 4.197603, 3.9243, 0.8670, -0.3269
633, 5.753656, 4.5457, 0.7323, -0.4329
634, 6.013247, 3.4178, 0.9471, -0.2520
635, 3.868885, 3.5523, 0.8706, -0.4165
636, 4.233128, 4.3710, 0.7563, -0.4528
637, 3.959586, 3.6184, 0.8624, -0.4057
638, 2.929685, 3.7170, 0.8622, -0.4332
639, 10.030398, 4.0383, 0.7802, -0.3959
640, 11.082643, 4.4194, 0.7709, -0.3279
641, 4.175413, 3.7762, 0.8772, -0.4557
642, 4.420739, 4.2366, 0.8208, -0.3386
643, 3.383660, 3.4332, 0.9346, -0.3590
644, 5.075443, 4.5693, 0.7254, -0.4782
645, 6.260071, 5.2380, 0.9016, -0.1776
646, 5.954755, 4.4546, 0.7439, -0.4278
647, 5.136341, 3.7268, 0.8637, -0.3631
648, 4.580716, 3.9472, 0.8551, -0.4253
649, 3.573637, 4.0420, 0.8209, -0.4194
650, 9.454838, 4.3637, 0.7103, -0.4483
651, 7.425678, 3.9255, 0.8341, -0.3338
652, 8.312069, 3.3156, 0.9588, -0.4390
653, 4.559023, 4.2422, 0.8266, -0.3413
654, 3.524221, 3.6131, 0.9083, -0.3890
655, 3.590537, 4.0156, 0.8172, -0.4410
656, 4.840435, 4.2022, 0.8049, -0.3963
657, 8.816447, 3.0434, 0.9879, -0.4249
658, 5.058415, 4.5041, 0.7860, -0.4101
659, 4.122359, 3.8490, 0.8341, -0.4043
660, 4.086094, 4.1362, 0.8264, -0.4218
661, 5.222211, 3.8020, 0.8853, -0.4518
662, 9.578664, 3.6901, 0.9155, -0.3572
663, 7.161356, 5.0381, 0.7163, -0.5194
664, 6.378356, 3.7478, 0.8667, -0.4784
665, 6.473206, 3.8196, 0.8926, -0.3567
666, 4.989945, 4.4590, 0.7817, -0.4710
667, 4.976387, 4.3578, 0.7960, -0.4202
668, 5.338091, 4.9412, 0.7009, -0.4841
669, 4.367315, 3.6631, 0.8892, -0.4523
670, 9.351810, 4.7419, 0.7420, -0.3331
671, 9.293160, 3.9733, 0.7556, -0.5013
672, 13.574998, 5.1821, 0.7241, -0.5395
673, 5.275762, 4.3964, 0.7862, -0.5110
674, 6.804920, 3.9405, 0.9314, -0.1957
675, 6.188373, 3.7006, 0.8443, -0.3778
676, 4.024913, 3.8965, 0.8335, -0.3954
677, 5.024571, 3.5646, 0.9032, -0.3253
678, 5.151787, 4.2485, 0.8103, -0.4768
679, 5.179419, 4.4840, 0.7630, -0.3928
680, 5.044360, 3.4275, 0.9105, -0.4216
681, 5.358873, 4.0489, 0.7827, -0.4753
682, 4.682618, 3.3284, 0.9338, -0.3613
683, 7.989676, 3.7513, 0.8189, -0.3916
684, 4.389454, 4.4546, 0.7411, -0.4896
685, 4.902566, 3.8583, 0.9016, -0.2455
686, 5.024234, 4.1161, 0.8592, -0.3293
687, 4.555287, 4.0361, 0.8449, -0.4212
688, 7.339130, 3.7012, 0.8650, -0.3276
689, 8.007969, 4.5180, 0.7458, -0.3678
690, 7.148652, 3.8021, 0.8149, -0.4109
691, 11.291263, 3.4908, 0.8817, -0.4979
692, 3.802126, 3.5292, 0.9038, -0.3670
693, 3.568992, 4.0707, 0.8241, -0.4112
694, 4.663400, 3.5222, 0.9012, -0.3549
695, 6.783018, 4.8622, 0.6555, -0.5202
696, 7.378463, 4.2002, 0.8262, -0.4880
697, 7.529968, 4.1933, 0.7350, -0.5015
698, 6.718898, 4.0108, 0.8003, -0.5165
699, 6.268939, 3.9138, 0.8612, -0.4787
700, 8.784401, 3.7233, 0.8221, -0.4885
701, 7.405124, 5.0781, 0.7094, -0.4105
702, 8.149046, 4.8502, 0.7573, -0.4111
703, 6.754573, 4.9588, 0.7330, -0.3356
704, 6.273931, 3.3193, 0.9211, -0.4252
705, 5.994043, 3.5237, 0.9555, -0.2666
706, 8.632759, 4.6486, 0.8628, -0.2683
707, 6.447730, 3.1577, 0.9509, -0.3470
708, 5.539913, 4.4358, 0.7626, -0.3846
709, 4.947232, 3.6419, 0.8587, -0.4552
710, 4.592393, 4.4751, 0.7688, -0.4468
711, 3.452543, 3.7079, 0.8925, -0.3865
712, 5.245352, 4.5466, 0.7753, -0.3748
713, 3.888958, 4.4381, 0.7673, -0.4883
714, 6.912966, 4.1246, 0.8502, -0.3341
715, 4.225212, 3.7040, 0.8502, -0.4591
716, 4.470565, 3.9535, 0.8445, -0.3525
717, 4.121700, 3.6697, 0.9022, -0.3464
718, 4.713242, 4.2449, 0.8044, -0.4897
719, 4.159452, 3.6497, 0.9036, -0.3373
720, 4.395613, 4.1361, 0.8394, -0.3365
721, 6.048018, 5.0093, 0.7491, -0.2958
722, 6.251859, 3.2989, 0.9173, -0.3676
723, 8.624260, 3.6041, 0.8681, -0.3311
724, 7.526178, 4.2388, 0.8282, -0.4955
725, 7.995191, 4.6152, 0.9388, -0.2021
726, 6.276579, 3.9175, 0.7895, -0.4559
727, 13.508034, 5.5952, 0.9102, -0.1913
728, 8.161833, 4.9237, 0.6473, -0.5097
729, 4.543652, 4.0629, 0.7945, -0.4921
730, 4.670916, 4.3101, 0.8093, -0.3506
731, 4.991987, 4.1574, 0.7750, -0.4670
732, 4.327309, 4.1453, 0.8263, -0.3620
733, 4.456052, 4.3497, 0.7972, -0.3729
734, 8.830889, 3.3162, 0.8733, -0.4022
735, 5.825892, 4.0896, 0.8960, -0.2363
736, 5.780911, 3.4772, 0.8978, -0.4414
737, 6.356950, 3.8613, 0.8308, -0.3702
738, 3.803483, 3.2823, 0.9590, -0.3433
739, 3.859928, 4.1945, 0.8000, -0.4430
740, 3.395673, 3.7650, 0.8771, -0.4062
741, 3.370998, 3.8137, 0.8440, -0.4586
742, 8.539949, 5.2041, 0.6766, -0.4108
743, 3.574600, 3.8380, 0.8634, -0.3744
744, 6.125409, 5.0611, 0.7058, -0.4739
745, 4.645333, 4.1335, 0.8441, -0.3024
746, 4.566107, 4.0772, 0.8407, -0.4050
747, 9.794000, 5.4817, 0.7830, -0.2822
748, 6.120146, 4.5347, 0.7233, -0.4660
749, 6.330681, 3.5142, 0.8708, -0.3686
750, 6.029152, 4.9300, 0.7797, -0.2798
751, 3.632596, 3.5608, 0.9190, -0.4084
752, 6.145239, 4.3694, 0.8775, -0.2531
753, 5.674836, 4.9127, 0.6839, -0.4986
754, 3.219002, 3.6302, 0.8831, -0.4226
755, 5.463650, 3.5177, 0.9365, -0.3239
756, 6.359194, 4.0343, 0.9522, -0.2278
757, 5.249811, 4.2833, 0.7807, -0.4069
758, 8.240250, 4.1925, 0.7654, -0.4158
759, 8.006055, 4.7670, 0.6680, -0.5372
760, 6.572290, 3.8029, 0.8663, -0.4845
761, 6.707317, 5.0901, 0.6911, -0.4650
762, 6.564875, 4.5683, 0.7540, -0.3821
763, 4.631658, 3.6319, 0.9012, -0.4385
764, 5.428182, 3.5222, 0.9126, -0.3148
765, 5.347058, 3.9046, 0.8612, -0.4671
766, 3.813694, 3.9562, 0.8353, -0.4509
767, 4.880786, 4.1785, 0.8230, -0.3871
768, 3.909224, 4.0597, 0.8049, -0.4187
769, 4.193005, 4.0255, 0.8319, -0.3857
770, 5.096406, 4.3570, 0.7800, -0.3919
771, 4.094487, 3.7152, 0.8834, -0.4525
772, 7.489365, 4.6184, 0.7780, -0.4384
773, 6.848883, 5.7947, 0.6233, -0.5655
774, 5.269745, 4.4652, 0.7945, -0.3296
775, 4.170458, 4.1410, 0.8092, -0.4876
776, 7.005463, 4.0641, 0.7912, -0.3812
777, 7.208675, 4.7385, 0.7392, -0.3684
778, 5.145497, 5.2051, 0.8457, -0.2288
779, 5.210985, 3.7790, 0.8939, -0.3806
780, 5.137438, 4.4802, 0.7760, -0.3679
781, 4.033562, 4.1598, 0.8018, -0.4728
782, 7.617705, 3.6042, 0.9203, -0.4313
783, 5.391201, 4.1400, 0.8352, -0.4144
784, 9.174856, 4.9429, 0.6853, -0.4001
785, 11.029552, 3.4042, 0.8587, -0.3861
786, 11.837712, 3.2127, 0.8779, -0.4375
787, 9.139204, 3.6329, 0.8251, -0.3943
788, 8.386645, 4.2397, 0.7792, -0.3545
789, 9.734579, 4.4944, 0.7991, -0.4534
790, 4.178031, 3.8342, 0.8837, -0.3531
791, 9.068425, 5.1581, 0.7187, -0.2920
792, 4.407524, 3.9839, 0.8554, -0.3757
793, 4.400642, 4.4338, 0.7778, -0.4529
794, 5.360822, 3.8693, 0.8761, -0.2879
795, 7.438997, 4.3015, 0.8197, -0.4719
796, 6.465273, 3.8503, 0.8996, -0.3162
797, 4.842280, 4.1045, 0.7844, -0.4390
798, 5.234965, 3.5988, 0.8700, -0.4521
799, 8.333106, 3.1827, 0.9820, -0.4231
800, 7.980923, 4.6639, 0.7589, -0.3220
801, 6.609031, 4.6398, 0.7022, -0.5523
802, 7.639143, 4.5563, 0.7812, -0.3009
803, 3.642522, 4.0022, 0.8244, -0.4254
804, 5.260476, 4.1727, 0.9037, -0.2361
805, 5.619580, 4.7068, 0.8195, -0.2306
806, 5.949948, 3.1403, 0.9806, -0.3815
807, 6.170161, 4.1179, 0.7653, -0.4626
808, 5.967630, 4.4119, 0.7995, -0.4671
809, 5.917640, 4.8665, 0.8779, -0.2239
810, 5.841169, 3.8377, 0.8878, -0.3966
811, 5.433458, 3.4982, 0.8963, -0.4412
812, 5.654589, 4.5686, 0.7992, -0.3263
813, 5.488233, 4.2268, 0.8208, -0.4018
814, 3.591819, 3.6736, 0.8781, -0.3830
815, 5.149843, 4.4192, 0.7912, -0.4661
816, 6.680803, 3.8175, 0.8684, -0.4873
817, 5.976632, 3.9850, 0.8662, -0.3507
818, 5.235741, 5.5729, 0.7982, -0.2117
819, 6.147670, 4.7928, 0.7621, -0.3415
820, 3.930189, 3.9922, 0.8448, -0.3853
821, 4.047835, 3.6668, 0.8876, -0.4472
822, 4.205003, 3.3718, 0.9307, -0.3897
823, 7.797293, 3.3551, 0.9757, -0.3482
824, 6.020114, 3.6394, 0.9168, -0.4000
825, 3.906214, 4.3001, 0.7670, -0.4520
826, 3.499023, 3.5326, 0.8967, -0.4230
827, 3.547505, 3.8777, 0.8346, -0.4331
828, 4.473529, 3.9316, 0.8678, -0.3641
829, 3.739829, 3.6141, 0.8996, -0.3540
830, 4.376327, 3.7999, 0.8836, -0.3151
831, 3.718947, 3.3752, 0.9359, -0.3678
832, 3.499932, 3.8875, 0.8348, -0.4431
833, 6.256610, 4.7657, 0.8305, -0.2652
834, 10.436000, 3.2701, 0.8725, -0.3846
835, 8.624875, 5.2081, 0.7307, -0.2640
836, 5.883299, 4.3726, 0.7613, -0.3946
837, 3.865386, 3.5938, 0.8620, -0.4255
838, 16.546333, 3.7557, 0.7594, -0.4373
839, 14.145738, 3.2550, 0.8527, -0.4426
840, 17.342994, 5.3686, 0.9926, -0.1163
841, 14.191169, 3.9900, 0.7542, -0.3944
842, 14.423251, 4.6795, 0.6975, -0.3875
843, 5.724251, 4.7623, 0.7321, -0.4347
844, 5.238984, 4.5442, 0.7741, -0.3847
845, 13.289965, 4.4291, 0.8174, -0.3971
846, 9.517610, 3.9007, 0.8382, -0.3169
847, 8.132460, 4.7871, 0.7556, -0.4705
848, 5.151913, 4.5791, 0.7586, -0.4484
849, 2.973253, 3.6655, 0.8941, -0.4234
850, 4.771138, 3.9177, 0.8658, -0.4102
851, 3.691272, 3.7645, 0.8839, -0.3860
852, 4.590509, 4.4558, 0.7713, -0.4429
853, 3.478413, 3.4900, 0.9131, -0.4106
854, 6.202247, 3.9439, 0.7855, -0.4551
855, 7.155016, 3.0553, 0.9596, -0.3599
856, 6.651954, 4.0878, 0.7609, -0.4495
857, 6.835071, 4.0944, 0.8225, -0.3252
858, 12.933237, 6.2363, 0.7768, -0.2654
859, 4.123837, 3.5349, 0.9203, -0.4064
860, 3.682492, 4.4617, 0.7616, -0.4862
861, 4.581745, 4.0897, 0.8530, -0.2981
862, 4.190350, 3.8734, 0.8588, -0.4702
863, 4.346636, 3.4356, 0.9392, -0.3977
864, 5.025995, 4.1361, 0.8408, -0.3586
865, 4.322660, 4.2210, 0.8231, -0.3547
866, 4.007854, 3.7908, 0.8346, -0.4233
867, 5.378020, 4.0273, 0.7861, -0.4691
868, 5.728005, 4.2910, 0.7837, -0.3703
869, 5.875977, 4.2552, 0.8306, -0.3491
870, 3.941271, 4.1398, 0.7900, -0.4269
871, 4.627132, 4.0772, 0.8393, -0.4175
872, 4.153964, 4.0987, 0.8206, -0.4648
873, 6.740762, 4.5051, 0.7906, -0.3954
874, 5.580633, 3.3599, 0.9194, -0.4234
875, 5.493472, 3.6726, 0.8917, -0.3170
876, 6.149940, 4.4361, 0.7286, -0.5270
877, 4.049253, 3.4350, 0.9411, -0.3527
878, 7.861802, 3.5530, 0.8609, -0.3609
879, 14.750351, 4.1814, 0.8548, -0.4281
880, 12.481427, 3.0992, 0.9231, -0.4531
881, 4.098181, 4.1315, 0.8180, -0.4148
882, 5.474250, 3.9525, 0.8525, -0.3070
883, 5.374431, 5.0533, 0.8650, -0.2164
884, 7.609207, 4.0998, 0.8177, -0.5235
885, 8.361219, 4.1498, 0.8344, -0.5126
886, 6.343915, 4.1165, 0.7929, -0.3822
887, 5.297587, 4.2140, 0.9297, -0.2111
888, 4.397120, 3.7165, 0.8985, -0.3061
889, 4.974725, 4.4622, 0.7878, -0.3942
890, 3.947837, 3.5928, 0.8905, -0.3759
891, 5.105346, 3.9103, 0.8976, -0.2655
892, 5.156899, 4.1404, 0.7905, -0.5161
893, 5.399461, 5.5811, 0.7893, -0.2354
894, 4.418889, 4.1748, 0.8046, -0.4039
895, 4.696000, 3.8474, 0.8949, -0.3120
896, 6.768324, 3.8656, 0.8182, -0.3814
897, 5.684060, 4.7816, 0.7410, -0.4690
898, 11.593191, 4.3893, 0.6913, -0.5048
899, 4.389177, 3.9564, 0.8524, -0.4306
900, 5.868532, 4.4080, 0.7731, -0.3714
901, 3.574630, 3.6351, 0.8811, -0.4330
902, 9.162609, 4.7222, 0.7031, -0.4231
903, 6.148540, 4.1609, 0.7617, -0.4662
904, 4.501515, 3.9947, 0.8064, -0.4987
905, 4.716887, 4.3208, 0.7891, -0.4931
906, 6.133838, 4.4892, 0.7932, -0.3114
907, 7.441213, 3.9389, 0.8241, -0.3429
908, 13.839675, 3.2839, 0.8890, -0.3436
909, 7.067720, 4.0435, 0.9256, -0.2455
910, 6.389909, 4.1913, 0.7568, -0.4637
911, 5.952595, 4.4196, 0.7668, -0.3785
912, 8.605301, 4.3798, 0.7380, -0.4262
913, 7.015342, 4.3353, 0.9543, -0.1827
914, 6.558171, 4.5633, 0.7848, -0.3846
915, 12.750150, 3.6264, 0.8717, -0.2924
916, 13.854566, 4.0119, 0.7945, -0.3222
917, 8.949346, 5.5365, 0.6639, -0.3943
918, 12.322759, 5.3352, 0.6501, -0.3928
919, 8.390045, 3.8316, 0.7818, -0.4632
920, 7.671383, 4.2871, 0.8354, -0.3514
921, 7.994875, 3.2306, 0.9368, -0.3193
922, 3.998580, 3.7267, 0.8416, -0.4523
923, 3.479188, 3.9160, 0.8461, -0.4090
924, 7.090725, 4.8078, 0.7457, -0.4333
925, 8.940270, 4.3714, 0.7244, -0.4345
926, 8.915481, 3.5947, 0.8665, -0.3321
927, 5.685297, 3.9594, 0.7959, -0.4985
928, 5.702864, 4.0018, 0.8561, -0.4254
929, 6.745190, 3.6617, 0.8980, -0.4771
930, 4.355037, 4.0504, 0.8048, -0.4053
931, 4.487245, 3.7349, 0.8503, -0.3846
932, 4.554340, 4.1848, 0.8177, -0.4675
933, 4.606054, 4.2644, 0.7840, -0.4989
934, 7.202090, 3.4916, 0.8696, -0.4271
935, 7.148004, 4.0802, 0.7511, -0.4934
936, 4.283209, 4.1318, 0.8287, -0.3556
937, 5.457868, 3.9390, 0.8896, -0.2773
938, 4.290873, 3.9177, 0.8830, -0.2917
939, 8.230345, 3.6510, 0.8648, -0.4939
940, 8.694567, 3.8124, 0.8454, -0.5140
941, 5.758001, 4.0851, 0.8485, -0.2695
942, 5.074941, 4.5794, 0.7979, -0.3115
943, 4.366481, 3.6127, 0.8889, -0.3671
944, 5.233023, 3.9965, 0.8245, -0.3666
945, 6.162856, 4.3780, 0.8075, -0.3096
946, 5.472848, 4.6682, 0.7381, -0.4087
947, 4.625737, 4.0471, 0.8805, -0.2556
948, 7.767897, 4.2920, 0.8178, -0.4188
949, 5.680878, 3.9140, 0.8053, -0.4328
950, 8.569366, 4.7419, 0.9204, -0.1523
951, 7.465361, 3.5501, 0.8638, -0.4446
952, 5.803818, 4.8365, 0.7376, -0.4790
953, 5.944683, 4.3141, 0.7539, -0.4602
954, 5.124177, 4.7075, 0.7344, -0.4453
955, 5.743538, 4.2638, 0.8284, -0.3419
956, 6.149158, 4.1433, 0.7768, -0.4278
957, 3.789380, 3.6514, 0.8720, -0.3781
958, 10.154627, 3.2403, 0.9298, -0.3110
959, 4.652471, 4.3234, 0.8096, -0.3315
960, 5.737779, 5.6977, 0.8486, -0.2062
961, 5.819396, 4.8668, 0.8566, -0.2436
962, 5.980126, 4.8700, 0.7121, -0.5523
963, 5.274249, 3.8710, 0.8154, -0.4498
964, 5.170420, 4.5977, 0.7490, -0.4157
965, 4.437834, 4.4594, 0.8760, -0.2421
966, 6.590580, 4.3718, 0.8080, -0.3934
967, 3.888844, 4.0442, 0.8273, -0.4541
968, 4.885393, 4.1131, 0.8296, -0.3305
969, 5.582333, 4.1345, 0.8113, -0.3606
970, 4.614224, 4.6152, 0.7504, -0.4723
971, 5.496592, 4.4842, 0.8307, -0.2508
972, 5.382617, 4.3295, 0.8141, -0.2965
973, 8.378707, 4.5492, 0.7231, -0.3955
974, 4.152561, 3.8858, 0.8589, -0.4530
975, 4.522553, 3.3702, 0.9406, -0.3958
976, 3.942849, 3.7859, 0.8548, -0.3861
977, 4.269287, 4.1964, 0.8326, -0.3252
978, 5.597797, 3.8421, 0.9239, -0.2390
979, 3.543856, 3.9895, 0.8270, -0.4460
980, 4.043569, 4.3610, 0.7872, -0.4492
981, 13.157425, 4.6159, 0.8297, -0.3014
982, 8.802924, 4.1467, 0.8099, -0.3177
983, 7.039129, 3.5367, 0.8807, -0.3354
984, 8.769970, 4.8983, 0.7529, -0.3811
985, 5.338672, 4.8408, 0.7366, -0.5265
986, 4.371533, 3.3563, 0.9479, -0.3073
987, 4.568111, 4.4478, 0.7792, -0.3845
988, 5.016529, 4.2731, 0.7653, -0.5136
989, 8.132089, 4.1171, 0.7511, -0.5334
990, 3.412227, 3.7235, 0.8713, -0.4084
991, 6.428203, 3.8761, 0.8341, -0.3512
992, 8.886809, 3.2293, 0.8851, -0.4089
993, 5.363068, 3.7486, 0.8250, -0.4659
994, 10.097811, 3.4163, 0.8837, -0.3296
995, 8.645481, 3.6895, 0.8071, -0.4544
996, 8.115119, 4.1565, 0.8374, -0.4988
997, 3.588515, 4.1682, 0.8072, -0.4472
998, 4.113726, 3.6334, 0.8859, -0.3622
999, 4.680741, 4.3167, 0.7739, -0.5042
1000, 8.516275, 4.2315, 0.8238, -0.5178
1001, 3.744475, 3.9573, 0.8463, -0.4053
1002, 6.319120, 5.9788, 0.8375, -0.2050
1003, 4.648428, 4.4549, 0.7905, -0.3861
1004, 4.720445, 4.1174, 0.8341, -0.4201
1005, 6.960047, 4.0712, 0.8081, -0.3513
1006, 7.600674, 3.4746, 0.8722, -0.4057
1007, 6.773424, 3.9421, 0.8840, -0.3395
1008, 3.561900, 3.6876, 0.8818, -0.4423
1009, 6.177469, 4.4243, 0.7257, -0.5243
1010, 5.646078, 4.4467, 0.7968, -0.3860
1011, 8.755129, 4.6454, 0.7352, -0.3569
1012, 9.759302, 4.9846, 0.6312, -0.4862
1013, 5.415353, 4.0115, 0.8717, -0.2572
1014, 6.838104, 4.3934, 0.7737, -0.3590
1015, 3.378502, 4.1048, 0.8082, -0.4445
1016, 5.142009, 3.4998, 0.9403, -0.3331
1017, 6.053552, 4.4442, 0.7987, -0.3117
1018, 7.719372, 4.9056, 0.7421, -0.3883
1019, 7.927205, 4.1191, 0.7418, -0.5197
1020, 6.072536, 4.5732, 0.7541, -0.3844
1021, 4.019576, 3.7296, 0.8564, -0.3857
1022, 5.044637, 3.9299, 0.8627, -0.3699
1023, 6.038182, 4.3349, 0.7603, -0.4134
1024, 6.011328, 4.3819, 0.8074, -0.2889
1025, 7.325223, 4.0500, 0.7559, -0.4900
1026, 6.907131, 4.8063, 0.6897, -0.4666
1027, 3.417936, 3.8677, 0.8501, -0.4190
1028, 3.309819, 3.7381, 0.8811, -0.4157
1029, 5.677110, 3.7897, 0.8269, -0.4083
1030, 5.316197, 4.2680, 0.8263, -0.2844
1031, 4.749307, 6.7736, 0.7012, -0.2332
1032, 8.464932, 5.6983, 0.6872, -0.2964
1033, 6.361775, 4.4463, 0.7808, -0.3364
1034, 8.628698, 3.6371, 0.9213, -0.3824
1035, 6.505685, 5.1551, 0.6285, -0.5544
1036, 6.706452, 4.6292, 0.7692, -0.3156
1037, 9.402930, 3.7667, 0.9042, -0.3912
1038, 8.086145, 4.6345, 0.6934, -0.4605
1039, 7.951718, 3.8184, 0.8138, -0.4051
1040, 4.014566, 3.9542, 0.8121, -0.4370
1041, 4.097265, 4.0235, 0.8432, -0.4325
1042, 4.151014, 4.6152, 0.7431, -0.5057
1043, 6.327236, 4.8231, 0.6621, -0.5330
1044, 6.156069, 4.7628, 0.7496, -0.3632
1045, 6.772844, 4.2692, 0.7686, -0.5383
1046, 5.006120, 4.4203, 0.8213, -0.2986
1047, 5.955717, 4.1229, 0.8211, -0.3365
1048, 6.456361, 3.5138, 0.8728, -0.4418
1049, 7.000830, 4.4581, 0.7466, -0.3858
1050, 8.060327, 3.5535, 0.8646, -0.4625
1051, 3.670379, 4.0877, 0.8161, -0.4125
1052, 4.988956, 4.4748, 0.7336, -0.4829
1053, 5.953790, 4.2864, 0.7465, -0.5060
1054, 6.281523, 3.9712, 0.8180, -0.5128
1055, 5.277941, 5.0339, 0.6818, -0.4910
1056, 8.480790, 3.5129, 0.9005, -0.4788
1057, 6.144922, 3.2744, 0.9586, -0.2811
1058, 5.794579, 3.6906, 0.8310, -0.4578
1059, 9.273941, 4.0261, 0.8525, -0.4995
1060, 9.409438, 3.1796, 0.8935, -0.3954
1061, 7.925200, 2.9554, 0.9822, -0.3975
1062, 7.338521, 5.1077, 0.7036, -0.5597
1063, 7.885099, 3.8537, 0.8078, -0.4044
1064, 5.916336, 4.1744, 0.7797, -0.4056
1065, 6.203292, 5.0883, 0.6986, -0.5309
1066, 6.928358, 4.6158, 0.7004, -0.4720
1067, 3.457350, 3.8611, 0.8527, -0.4091
1068, 4.323489, 4.2210, 0.8160, -0.3651
1069, 5.262760, 3.2735, 0.9628, -0.2857
1070, 5.542120, 3.5623, 0.8615, -0.4085
1071, 5.328594, 4.8829, 0.7205, -0.5000
1072, 3.463492, 4.2365, 0.7886, -0.4642
1073, 5.683553, 3.9975, 0.8146, -0.3715
1074, 7.049642, 3.7465, 0.8083, -0.4381
1075, 4.222166, 4.0096, 0.8457, -0.4266
1076, 6.496846, 3.9771, 0.7878, -0.4396
1077, 5.043538, 4.2503, 0.7949, -0.3751
1078, 5.105653, 4.3768, 0.8359, -0.2805
1079, 8.363076, 4.6735, 0.7749, -0.4750
1080, 4.479298, 4.1027, 0.8410, -0.3468
1081, 7.184787, 3.6586, 0.8392, -0.4682
1082, 8.626606, 4.9596, 0.7333, -0.5542
1083, 5.738589, 3.9732, 0.8185, -0.5066
1084, 10.182891, 4.2190, 0.7700, -0.3485
1085, 12.927322, 3.1270, 0.8938, -0.3828
1086, 5.408183, 4.1959, 0.8267, -0.3756
1087, 7.447037, 4.3002, 0.8168, -0.4779
1088, 9.478115, 4.2128, 0.8617, -0.3241
1089, 11.358333, 3.3332, 0.8587, -0.4461
1090, 9.366289, 4.2417, 0.8358, -0.3656
1091, 6.687349, 2.7412, 1.0465, -0.3228
1092, 5.949810, 4.1732, 0.7877, -0.3897
1093, 4.273463, 3.6797, 0.8585, -0.3818
1094, 6.813522, 5.6056, 0.7765, -0.2077
1095, 4.943639, 4.1578, 0.8422, -0.3325
1096, 4.825338, 4.4313, 0.7625, -0.5181
1097, 5.508780, 4.6508, 0.7529, -0.4150
1098, 4.738253, 4.0310, 0.7959, -0.4095
1099, 11.627041, 4.8911, 0.7911, -0.2959
1100, 2.949571, 3.6798, 0.8773, -0.4282
1101, 3.725776, 3.7203, 0.8733, -0.3753
1102, 3.545827, 3.6100, 0.9085, -0.3954
1103, 4.970957, 4.1084, 0.8097, -0.5055
1104, 13.061708, 3.6096, 0.9409, -0.3984
1105, 13.388618, 4.7709, 0.7887, -0.3524
1106, 12.242341, 4.4742, 0.7635, -0.3247
1107, 10.934609, 3.3418, 0.8606, -0.4450
1108, 5.503955, 4.1826, 0.8247, -0.4433
1109, 16.411526, 3.7833, 0.9410, -0.2952
1110, 5.693121, 4.2976, 0.7725, -0.5344
1111, 5.113011, 4.0999, 0.8160, -0.3698
1112, 4.656179, 4.4090, 0.7926, -0.4707
1113, 9.768867, 4.3684, 0.7045, -0.4764
1114, 8.391266, 4.0814, 0.7995, -0.3514
1115, 5.182704, 4.4517, 0.7639, -0.4083
1116, 7.387790, 4.6641, 0.9161, -0.2220
1117, 7.226584, 3.7782, 0.8507, -0.3316
1118, 9.536637, 3.6625, 0.9036, -0.2597
1119, 8.173901, 3.6689, 0.8200, -0.4021
1120, 13.276683, 4.0872, 0.8541, -0.5072
1121, 5.690768, 4.2873, 0.7760, -0.5311
1122, 5.656204, 4.4032, 0.8103, -0.2843
1123, 5.074375, 3.9380, 0.8041, -0.4900
1124, 5.150482, 3.9257, 0.8335, -0.3638
1125, 8.259487, 3.4642, 0.9668, -0.2866
1126, 4.705228, 4.8437, 0.7152, -0.5202
1127, 5.531369, 4.3654, 0.8017, -0.4225
1128, 5.950833, 3.9477, 0.8672, -0.4224
1129, 6.026964, 4.0173, 0.7814, -0.4789
1130, 7.074564, 3.9862, 0.7637, -0.4935
1131, 16.368022, 5.3415, 0.6578, -0.3478
1132, 7.759338, 5.2545, 0.8003, -0.2723
1133, 6.582403, 5.0304, 0.8592, -0.2439
1134, 6.099665, 4.8417, 0.8044, -0.2247
1135, 5.282085, 3.7214, 0.8345, -0.4429
1136, 4.146768, 4.2678, 0.8056, -0.4340
1137, 8.771039, 4.8500, 0.7107, -0.3667
1138, 7.006280, 5.0472, 0.7332, -0.3285
1139, 7.127311, 4.1796, 0.8348, -0.4707
1140, 4.959939, 3.3259, 0.9228, -0.3814
1141, 6.072853, 3.9386, 0.9390, -0.2192
1142, 7.757328, 4.1761, 0.7691, -0.4186
1143, 8.406124, 4.9181, 0.8856, -0.2523
1144, 9.551477, 4.9227, 0.7672, -0.3422
1145, 4.349478, 4.3019, 0.8058, -0.3649
1146, 4.619288, 4.2513, 0.8178, -0.3651
1147, 3.728306, 3.7419, 0.8771, -0.4413
1148, 7.018396, 3.5683, 0.8363, -0.4359
1149, 5.664026, 3.8088, 0.8991, -0.3290
1150, 8.731687, 3.4109, 0.8660, -0.4490
1151, 4.475584, 3.5167, 0.8821, -0.3752
1152, 3.845514, 3.7870, 0.8528, -0.3885
1153, 3.996298, 3.6901, 0.8479, -0.4245
1154, 4.048282, 4.0560, 0.8274, -0.4627
1155, 5.113985, 4.4539, 0.7477, -0.5290
1156, 6.250266, 3.9235, 0.8438, -0.4973
1157, 4.702384, 4.2470, 0.7768, -0.4190
1158, 4.054581, 4.1789, 0.7849, -0.4258
1159, 5.997374, 3.9949, 0.8699, -0.3355
1160, 5.971921, 3.6076, 0.8516, -0.4258
1161, 5.219256, 4.1951, 0.8027, -0.3825
1162, 8.502522, 5.1304, 0.8729, -0.2327
1163, 4.867275, 3.3857, 0.9605, -0.2818
1164, 5.183914, 4.0477, 0.7921, -0.4775
1165, 6.499716, 4.0664, 0.8435, -0.4884
1166, 5.932267, 4.6333, 0.7819, -0.3445
1167, 4.379364, 4.4076, 0.7764, -0.4376
1168, 2.983044, 3.7040, 0.8839, -0.4280
1169, 3.730888, 4.1251, 0.7916, -0.4688
1170, 5.657112, 3.9010, 0.7869, -0.4782
1171, 4.814141, 3.8335, 0.8903, -0.2833
1172, 6.567016, 4.5337, 0.7810, -0.4634
1173, 5.025780, 4.5178, 0.8700, -0.2366
1174, 4.559228, 4.2283, 0.8002, -0.5032
1175, 14.864259, 4.6542, 0.6725, -0.4241
1176, 10.773045, 4.2131, 0.8715, -0.2764
1177, 4.754403, 4.1166, 0.7970, -0.4045
1178, 4.555708, 4.4818, 0.7794, -0.4937
1179, 3.737281, 4.2940, 0.7767, -0.4844
1180, 6.091238, 3.3845, 0.9131, -0.4383
1181, 8.623468, 4.0961, 0.8488, -0.4858
1182, 7.256767, 3.9507, 0.7865, -0.4370
1183, 5.517359, 4.6238, 0.7606, -0.4479
1184, 3.945723, 3.6903, 0.8930, -0.3532
1185, 4.584903, 3.5031, 0.9227, -0.3088
1186, 10.992250, 3.4830, 0.8290, -0.4271
1187, 11.587513, 4.3503, 0.8999, -0.2784
1188, 6.454226, 4.3199, 0.8090, -0.4712
1189, 10.589008, 3.7668, 0.8446, -0.5206
1190, 5.561730, 4.6486, 0.7344, -0.4226
1191, 3.528201, 3.9521, 0.8180, -0.4421
1192, 6.799814, 3.1920, 0.9852, -0.3691
1193, 3.268640, 3.6597, 0.8890, -0.4046
1194, 4.621356, 4.4042, 0.7894, -0.4953
1195, 3.339842, 3.8863, 0.8411, -0.4589
1196, 5.720999, 5.3171, 0.8548, -0.2034
1197, 7.535287, 5.2151, 0.6576, -0.5930
1198, 4.731811, 4.3357, 0.8046, -0.3357
1199, 5.242017, 3.6585, 0.8842, -0.4616
1200, 5.847590, 3.9538, 0.9112, -0.2346
1201, 4.737180, 4.8593, 0.7073, -0.4911
1202, 6.493830, 4.0723, 0.8665, -0.2345
1203, 4.795287, 4.3525, 0.7922, -0.3664
1204, 8.002360, 5.1650, 0.6959, -0.3693
1205, 6.385071, 3.5587, 0.9515, -0.2721
1206, 5.491334, 3.7883, 0.8958, -0.3275
1207, 4.902689, 3.9288, 0.8697, -0.2901
1208, 3.889223, 3.7054, 0.8688, -0.3848
1209, 5.763927, 4.6455, 0.7617, -0.4232
1210, 5.111873, 3.9728, 0.8008, -0.4673
1211, 5.747158, 4.3295, 0.7608, -0.3975
1212, 5.372701, 4.5633, 0.7679, -0.4465
1213, 5.258260, 3.7667, 0.8299, -0.4585
1214, 5.933240, 4.2186, 0.7807, -0.3961
1215, 5.823961, 5.3323, 0.8286, -0.2244
1216, 7.113248, 4.5443, 0.7691, -0.3329
1217, 5.361342, 4.2507, 0.8195, -0.4476
1218, 6.046496, 3.8230, 0.9021, -0.3112
1219, 7.329991, 5.8710, 0.6957, -0.2610
1220, 4.169826, 4.1528, 0.8032, -0.4804
1221, 8.601596, 5.7280, 0.8837, -0.1812
1222, 5.047473, 4.4019, 0.7814, -0.4141
1223, 3.594394, 4.0466, 0.8197, -0.4240
1224, 4.895591, 4.0203, 0.8291, -0.3620
1225, 5.765495, 4.1181, 0.8608, -0.2483
1226, 5.034616, 3.9700, 0.8580, -0.4282
1227, 11.321100, 4.0216, 0.7883, -0.3687
1228, 13.680750, 4.5120, 0.8105, -0.4062
1229, 8.729114, 3.3821, 0.8715, -0.4436
1230, 4.661194, 4.6190, 0.7537, -0.4384
1231, 5.082677, 3.8849, 0.8744, -0.3893
1232, 4.660882, 4.4287, 0.7781, -0.3954
1233, 5.813287, 3.4651, 0.9102, -0.3316
1234, 6.020923, 3.7701, 0.9157, -0.2671
1235, 3.994815, 4.0540, 0.7962, -0.4758
1236, 4.907893, 4.1796, 0.8209, -0.3932
1237, 5.558110, 3.7289, 0.8763, -0.3171
1238, 4.320917, 3.9696, 0.8662, -0.3685
1239, 5.619125, 3.7474, 0.8847, -0.4663
1240, 3.548512, 3.4694, 0.9309, -0.3599
1241, 6.349245, 4.0319, 0.8548, -0.3954
1242, 6.005257, 4.3806, 0.8034, -0.4630
1243, 5.565920, 3.5744, 0.9415, -0.2508
1244, 6.421590, 4.1321, 0.8394, -0.4389
1245, 4.699378, 4.4388, 0.7507, -0.4460
1246, 5.458933, 4.9008, 0.6892, -0.4707
1247, 5.362437, 3.9031, 0.8642, -0.4354
1248, 6.753707, 4.2306, 0.7724, -0.5362
1249, 4.743043, 4.1756, 0.8259, -0.3809
1250, 11.487955, 3.8319, 0.9550, -0.2638
1251, 8.964516, 4.5662, 0.7203, -0.4016
1252, 8.613295, 3.3587, 0.8680, -0.4149
1253, 5.831333, 3.4589, 0.9583, -0.2885
1254, 4.001143, 4.1601, 0.7895, -0.4202
1255, 4.806493, 4.2437, 0.7644, -0.4836
1256, 5.967131, 3.3546, 0.9460, -0.4111
1257, 6.206036, 3.6502, 0.9144, -0.4032
1258, 6.668545, 3.3256, 0.9070, -0.3495
1259, 5.329881, 4.6345, 0.7562, -0.3931
1260, 4.895469, 3.8797, 0.8509, -0.3429
1261, 7.263601, 3.9501, 0.8225, -0.3463
1262, 5.827257, 4.7493, 0.8099, -0.2417
1263, 6.183470, 3.1866, 0.9457, -0.4149
1264, 7.197491, 5.4626, 0.7364, -0.2618
1265, 5.358044, 3.2800, 0.9184, -0.3934
1266, 6.664543, 4.5430, 0.7832, -0.3062
1267, 7.982979, 4.5106, 0.7014, -0.5331
1268, 6.737475, 3.7478, 0.8656, -0.4905
1269, 4.399598, 3.6578, 0.8922, -0.4491
1270, 5.855752, 5.1584, 0.7434, -0.2935
1271, 3.762400, 3.6402, 0.8742, -0.3770
1272, 6.503483, 3.4250, 0.8886, -0.3515
1273, 6.070765, 4.1501, 0.8349, -0.3936
1274, 5.112108, 4.1858, 0.8211, -0.3222
1275, 5.758547, 4.6663, 0.7676, -0.3634
1276, 8.905824, 3.2529, 0.9053, -0.4291
1277, 7.667166, 4.5361, 0.7005, -0.5491
1278, 5.916369, 4.0181, 0.9287, -0.2314
1279, 6.242713, 3.1643, 0.9383, -0.3807
1280, 6.790801, 4.3485, 0.7980, -0.3263
1281, 6.045617, 3.1895, 0.9422, -0.3845
1282, 4.369708, 3.9716, 0.8524, -0.4117
1283, 3.370480, 4.1681, 0.7912, -0.4579
1284, 6.101539, 3.5209, 0.8691, -0.4184
1285, 5.011366, 4.0466, 0.8088, -0.3972
1286, 4.845644, 4.1072, 0.8317, -0.3294
1287, 4.958360, 4.4846, 0.7950, -0.3412
1288, 5.792218, 4.3864, 0.7830, -0.3554
1289, 4.490692, 4.2579, 0.8159, -0.3695
1290, 5.780166, 3.9280, 0.8249, -0.5011
1291, 7.055326, 3.7164, 0.8599, -0.3359
1292, 7.054282, 5.5169, 0.7449, -0.2607
1293, 5.725764, 4.6576, 0.7371, -0.3986
1294, 5.825535, 4.2718, 0.8177, -0.4012
1295, 5.206281, 4.7857, 0.7892, -0.2781
1296, 4.542752, 4.0484, 0.8562, -0.2836
1297, 4.285855, 4.0949, 0.8215, -0.3919
1298, 8.517417, 3.5969, 0.8242, -0.4082
1299, 4.564436, 4.0308, 0.8490, -0.3144
1300, 4.240689, 3.7930, 0.8710, -0.3397
1301, 3.404923, 3.9331, 0.8445, -0.4601
1302, 5.520105, 4.5163, 0.8747, -0.2530
1303, 5.038551, 3.2857, 0.9733, -0.3140
1304, 4.359466, 3.9837, 0.8466, -0.4342
1305, 3.329450, 3.7251, 0.8828, -0.4031
1306, 4.402720, 4.0091, 0.8512, -0.3296
1307, 4.651581, 3.8221, 0.8292, -0.4080
1308, 3.664299, 3.8268, 0.8616, -0.3975
1309, 3.478531, 4.2041, 0.8111, -0.4494
1310, 4.649273, 4.2841, 0.8077, -0.3813
1311, 4.753178, 4.3078, 0.7561, -0.4801
1312, 9.053965, 5.7014, 0.8545, -0.2309
1313, 3.988292, 3.4743, 0.9402, -0.3456
1314, 3.929918, 3.5687, 0.8850, -0.3708
1315, 4.652616, 3.5571, 0.9265, -0.3232
1316, 6.210601, 4.1518, 0.8399, -0.3785
1317, 6.675836, 5.6966, 0.7092, -0.2621
1318, 5.881158, 4.9405, 0.8460, -0.2143
1319, 3.295879, 3.6173, 0.8989, -0.3761
1320, 5.718207, 4.3471, 0.7772, -0.3762
1321, 6.926663, 4.9850, 0.7931, -0.2258
1322, 11.112187, 3.2563, 0.9137, -0.3270
1323, 5.665819, 4.1832, 0.7670, -0.5132
1324, 5.570717, 3.6507, 0.8366, -0.4383
1325, 3.709492, 3.8266, 0.8745, -0.3654
1326, 6.304275, 4.7845, 0.6827, -0.5505
1327, 5.616881, 4.8347, 0.7213, -0.5473
1328, 4.280805, 3.6536, 0.9131, -0.3539
1329, 5.699406, 5.0124, 0.6855, -0.4747
1330, 6.490436, 4.8181, 0.7340, -0.3863
1331, 3.388719, 3.6975, 0.8763, -0.4168
1332, 5.111928, 4.7617, 0.7066, -0.4851
1333, 4.668886, 4.6548, 0.7176, -0.4853
1334, 5.868177, 4.9503, 0.8155, -0.2492
1335, 6.712089, 4.7266, 0.8395, -0.2171
1336, 8.944548, 4.7342, 0.7849, -0.3480
1337, 4.530097, 3.8928, 0.8672, -0.4025
1338, 4.827387, 4.1872, 0.8068, -0.3609
1339, 4.516948, 4.1102, 0.8261, -0.3719
1340, 5.391927, 4.5607, 0.7467, -0.4147
1341, 5.455896, 4.5259, 0.8408, -0.2463
1342, 3.566032, 3.7291, 0.8917, -0.3950
1343, 4.909984, 3.9277, 0.8379, -0.3720
1344, 5.090546, 3.8225, 0.8819, -0.3948
1345, 4.661790, 3.8301, 0.8694, -0.4550
1346, 3.385036, 3.6503, 0.8682, -0.4286
1347, 3.349747, 3.9428, 0.8224, -0.4664
1348, 6.024321, 4.1534, 0.7574, -0.4717
1349, 8.825044, 3.7458, 0.8770, -0.2845
1350, 11.653942, 4.2008, 0.8425, -0.3968
1351, 3.416873, 3.6676, 0.8588, -0.4326
1352, 4.484233, 3.3695, 0.9403, -0.3924
1353, 3.640542, 3.8612, 0.8443, -0.4472
1354, 3.745263, 3.7580, 0.8801, -0.3934
1355, 7.044547, 4.2130, 0.7883, -0.3516
1356, 3.993126, 4.2073, 0.8145, -0.4488
1357, 4.191020, 3.8651, 0.8614, -0.3488
1358, 5.255012, 4.2486, 0.8122, -0.4954
1359, 3.480676, 4.0802, 0.8204, -0.4454
1360, 5.865381, 3.8161, 0.8173, -0.4324
1361, 5.901728, 3.3763, 0.9381, -0.4242
1362, 4.155030, 4.0559, 0.8428, -0.3479
1363, 6.229241, 4.1311, 0.7730, -0.4480
1364, 5.325441, 4.5621, 0.7831, -0.3455
1365, 9.113649, 3.7587, 0.8495, -0.5113
1366, 7.673016, 3.5005, 0.8642, -0.4492
1367, 8.567685, 4.6625, 0.9769, -0.1443
1368, 6.837014, 4.9009, 0.7350, -0.3993
1369, 5.955058, 4.7517, 0.7383, -0.3997
1370, 9.098596, 5.1544, 0.7168, -0.4808
1371, 6.711142, 4.4011, 0.8027, -0.3989
1372, 7.693810, 3.8773, 0.7792, -0.4725
1373, 7.020841, 4.0421, 0.7589, -0.4810
1374, 4.214018, 3.3902, 0.9355, -0.3935
1375, 6.643776, 4.4612, 0.8337, -0.2790
1376, 6.433001, 4.5317, 0.7124, -0.5530
1377, 6.031779, 3.5643, 0.9011, -0.3220
1378, 5.055386, 4.4794, 0.8203, -0.2744
1379, 5.930495, 3.8173, 0.9276, -0.2236
1380, 3.933656, 3.6087, 0.8880, -0.3766
1381, 3.900467, 4.1677, 0.7811, -0.4441
1382, 3.830701, 4.3091, 0.7829, -0.4456
1383, 3.347351, 3.7280, 0.8663, -0.4045
1384, 4.302616, 3.6788, 0.8745, -0.4560
1385, 4.527048, 3.5818, 0.8643, -0.4353
1386, 3.286910, 4.0622, 0.8262, -0.4366
1387, 5.527980, 4.9116, 0.8844, -0.2318
1388, 5.169514, 4.1595, 0.8049, -0.3847
1389, 3.621216, 3.6966, 0.8756, -0.3831
1390, 4.037961, 4.4373, 0.7630, -0.5023
1391, 5.078879, 4.6410, 0.7415, -0.4459
1392, 5.778209, 4.6900, 0.7641, -0.3628
1393, 3.811450, 3.8592, 0.8470, -0.4699
1394, 4.148601, 3.8837, 0.8733, -0.4424
1395, 5.545274, 4.5090, 0.8065, -0.2737
1396, 14.302864, 2.8183, 0.9844, -0.3537
1397, 12.728333, 4.0464, 0.7779, -0.3754
1398, 5.471061, 4.1033, 0.8597, -0.3315
1399, 6.255015, 3.7169, 0.8566, -0.3478
1400, 5.732311, 3.2749, 0.9256, -0.3728
1401, 3.452186, 4.2291, 0.7830, -0.4578
1402, 4.646115, 4.0695, 0.8549, -0.3008
1403, 4.808882, 4.1432, 0.7854, -0.4120
1404, 7.131305, 4.5214, 0.7743, -0.3255
1405, 8.365490, 3.8478, 0.8163, -0.3558
1406, 3.613331, 3.7702, 0.8801, -0.3697
1407, 4.382287, 4.3051, 0.7824, -0.4973
1408, 5.306126, 4.3546, 0.8007, -0.4180
1409, 6.565946, 3.9594, 0.8088, -0.3730
1410, 8.044621, 3.6384, 0.8461, -0.3729
1411, 10.325260, 3.6799, 0.8184, -0.5108
1412, 9.313508, 3.8717, 0.8909, -0.4569
1413, 5.749730, 4.8626, 0.6673, -0.5312
1414, 6.759253, 4.3606, 0.8077, -0.2994
1415, 4.337166, 4.2543, 0.7672, -0.4465
1416, 3.613638, 3.8529, 0.8714, -0.3728
1417, 5.155320, 4.5878, 0.8379, -0.2348
1418, 5.345123, 4.1537, 0.7842, -0.5146
1419, 5.589328, 4.0901, 0.8138, -0.3604
1420, 4.918245, 3.6218, 0.8924, -0.4547
1421, 4.495784, 4.1012, 0.8180, -0.4882
1422, 3.972655, 3.7930, 0.8825, -0.3484
1423, 6.670688, 5.3623, 0.7773, -0.2378
1424, 7.844148, 3.7765, 0.8168, -0.3999
1425, 4.062534, 4.1599, 0.8202, -0.4135
1426, 7.016738, 3.2811, 0.9234, -0.4380
1427, 4.835560, 3.4212, 0.9466, -0.3866
1428, 3.465443, 3.4822, 0.9129, -0.4136
1429, 5.961666, 4.4487, 0.7769, -0.3569
1430, 3.796625, 3.9252, 0.8421, -0.4532
1431, 10.254979, 3.0301, 0.9251, -0.4263
1432, 13.203018, 4.2435, 0.7043, -0.4926
1433, 3.548441, 3.9068, 0.8441, -0.4074
1434, 7.409516, 4.2468, 0.7468, -0.4415
1435, 7.156867, 4.7150, 0.8183, -0.2764
1436, 10.362402, 4.2838, 0.7185, -0.5583
1437, 6.570934, 3.7548, 0.8707, -0.4801
1438, 5.755435, 4.0371, 0.8470, -0.4492
1439, 7.027654, 3.8041, 0.8975, -0.3379
1440, 9.327238, 3.3819, 0.8725, -0.3948
1441, 6.425399, 4.6312, 0.7423, -0.3874
1442, 5.153090, 4.6308, 0.7464, -0.4206
1443, 4.692943, 4.3808, 0.8007, -0.3757
1444, 3.919964, 3.5860, 0.9009, -0.3547
1445, 6.504019, 4.0553, 0.8079, -0.3580
1446, 6.059293, 3.2763, 0.9110, -0.3837
1447, 6.240120, 4.4912, 0.7546, -0.3738
1448, 8.380024, 4.3663, 0.9012, -0.2600
1449, 6.303679, 3.5899, 0.8721, -0.3543
1450, 6.318009, 4.0831, 0.8959, -0.2486
1451, 7.421460, 3.8347, 0.8420, -0.3291
1452, 8.996424, 3.4442, 0.8888, -0.4771
1453, 7.284035, 3.6037, 0.8331, -0.4583
1454, 3.949358, 4.2041, 0.7948, -0.4260
1455, 10.314765, 3.5003, 0.9082, -0.2903
1456, 4.323285, 4.0335, 0.7969, -0.4815
1457, 5.463661, 3.4369, 0.9280, -0.3079
1458, 5.716660, 4.2957, 0.8092, -0.4385
1459, 5.335164, 4.3227, 0.7897, -0.3686
1460, 5.772840, 3.3414, 0.9327, -0.4261
1461, 5.470292, 3.2688, 0.9391, -0.3572
1462, 6.220487, 4.9133, 0.8192, -0.2309
1463, 4.149149, 3.8449, 0.8642, -0.3381
1464, 4.930895, 3.9695, 0.8310, -0.3757
1465, 4.912544, 4.3347, 0.8328, -0.2809
1466, 18.673513, 4.4404, 0.8216, -0.4488
1467, 4.742746, 4.0566, 0.8370, -0.4565
1468, 5.805307, 4.7272, 0.7520, -0.5055
1469, 4.779183, 4.1606, 0.8405, -0.2819
1470, 10.206334, 4.1238, 0.8466, -0.4762
1471, 7.792543, 4.5168, 0.7056, -0.4550
1472, 3.678388, 3.9591, 0.8182, -0.4298
1473, 6.594243, 3.7027, 0.8327, -0.4230
1474, 4.370028, 4.1716, 0.8294, -0.3233
1475, 6.114772, 4.2834, 0.8682, -0.2165
1476, 5.929326, 4.6647, 0.7105, -0.5461
1477, 5.894342, 4.8135, 0.7149, -0.4398
1478, 6.100734, 4.6183, 0.8782, -0.2374
1479, 6.869545, 4.5795, 0.7752, -0.3083
1480, 10.049233, 4.6658, 0.7318, -0.3495
1481, 9.230957, 4.8546, 0.7647, -0.2651
1482, 8.469379, 3.2629, 1.0044, -0.1985
1483, 7.315336, 4.3871, 0.7336, -0.5576
1484, 7.185132, 4.5132, 0.7831, -0.5219
1485, 7.828188, 3.8719, 0.8086, -0.5042
1486, 9.075245, 3.8732, 0.8886, -0.3646
1487, 9.840974, 3.6759, 0.8334, -0.4955
1488, 3.590210, 4.2231, 0.7995, -0.4522
1489, 5.575041, 4.4030, 0.7258, -0.4808
1490, 5.662654, 4.1036, 0.7627, -0.4829
1491, 7.003139, 4.0014, 0.8687, -0.3442
1492, 11.487182, 4.8931, 0.7353, -0.2958
1493, 6.679921, 5.2452, 0.7578, -0.2592
1494, 4.878468, 3.7406, 0.8613, -0.3652
1495, 5.834403, 4.0070, 0.8514, -0.2975
1496, 6.297443, 3.9327, 0.8016, -0.4258
1497, 8.899601, 3.4674, 0.8701, -0.3944
1498, 6.356131, 3.4576, 0.9487, -0.4027
1499, 8.063044, 4.1632, 0.7599, -0.4249
1500, 7.775377, 3.5956, 0.9234, -0.4339
1501, 11.213753, 3.4199, 0.8582, -0.4868
1502, 10.915924, 4.3730, 0.7453, -0.5714
1503, 5.396805, 4.9265, 0.7037, -0.4699
1504, 5.434525, 4.6857, 0.7716, -0.3593
1505, 8.286971, 4.8476, 0.6728, -0.4749
1506, 5.723554, 4.2531, 0.7415, -0.5039
1507, 7.508873, 3.8263, 0.8412, -0.3278
1508, 3.882554, 3.6499, 0.8649, -0.4448
1509, 7.586425, 4.7610, 0.7047, -0.4153
1510, 10.212616, 5.2899, 0.7761, -0.2883
1511, 8.723545, 3.5896, 0.8521, -0.3746
1512, 6.433373, 3.2328, 0.9393, -0.4237
1513, 6.801958, 6.0443, 0.7606, -0.2603
1514, 7.338368, 4.1172, 0.7946, -0.5351
1515, 7.211039, 4.0489, 0.7925, -0.5245
1516, 5.336630, 3.9695, 0.8693, -0.3677
1517, 4.361459, 3.4190, 0.9404, -0.3064
1518, 4.465872, 4.2071, 0.8105, -0.3653
1519, 3.682357, 3.7260, 0.8516, -0.4124
1520, 3.659029, 3.8533, 0.8316, -0.4246
1521, 3.647312, 3.8840, 0.8396, -0.4645
1522, 7.394809, 3.4330, 0.8721, -0.4139
1523, 6.657765, 3.2195, 0.9304, -0.4283
1524, 7.428830, 4.2555, 0.7248, -0.5012
1525, 6.610073, 4.0860, 0.7858, -0.4017
1526, 7.944044, 3.9923, 0.8546, -0.4915
1527, 3.605449, 3.4701, 0.9191, -0.3783
1528, 6.661508, 4.2366, 0.8243, -0.4651
1529, 4.374284, 4.0031, 0.8496, -0.3298
1530, 6.333505, 3.9330, 0.8526, -0.4960
1531, 3.981906, 4.4012, 0.7719, -0.4881
1532, 4.189434, 3.9976, 0.8384, -0.4798
1533, 3.310019, 3.5508, 0.9040, -0.4185
1534, 4.262376, 3.7820, 0.8865, -0.3928
1535, 5.941840, 5.2867, 0.8465, -0.2213
1536, 5.540455, 3.7431, 0.8823, -0.3162
1537, 5.269607, 4.5662, 0.7701, -0.4101
1538, 5.780552, 3.2714, 0.9681, -0.2757
1539, 6.155495, 3.8825, 0.8393, -0.3496
1540, 6.156025, 3.8917, 0.8523, -0.4933
1541, 4.573291, 4.3264, 0.8032, -0.4662
1542, 5.061426, 4.2814, 0.7887, -0.5166
1543, 5.169934, 4.9563, 0.7103, -0.5110
1544, 3.727519, 3.7888, 0.8782, -0.3810
1545, 4.149309, 3.5976, 0.8951, -0.3577
1546, 5.654504, 4.1051, 0.7796, -0.4899
1547, 4.995403, 4.3143, 0.8123, -0.3693
1548, 6.282116, 3.9870, 0.8527, -0.4793
1549, 6.860597, 3.7357, 0.8082, -0.4699
1550, 4.016402, 3.8809, 0.8604, -0.4521
1551, 4.795573, 3.9849, 0.8730, -0.2638
1552, 3.870589, 3.7911, 0.8627, -0.3814
1553, 4.716027, 4.4764, 0.7651, -0.5071
1554, 5.718601, 4.5598, 0.7240, -0.5350
1555, 7.077085, 4.4786, 0.7921, -0.4848
1556, 4.935828, 4.4186, 0.7852, -0.3692
1557, 9.314116, 3.4116, 1.0012, -0.2255
1558, 10.640742, 4.8182, 0.7643, -0.4530
1559, 9.105534, 4.2759, 0.8549, -0.2074
1560, 9.100023, 3.8585, 0.7913, -0.5077
1561, 7.084291, 3.9868, 0.7670, -0.4606
1562, 7.175821, 3.8915, 0.7820, -0.4769
1563, 5.924713, 4.2574, 0.8737, -0.2165
1564, 6.030926, 4.6535, 0.7502, -0.3786
1565, 5.619774, 4.6591, 0.8008, -0.2572
1566, 4.274937, 3.9343, 0.8369, -0.3838
1567, 7.189174, 3.6146, 0.8778, -0.3292
1568, 7.313935, 4.9907, 0.7263, -0.5448
1569, 5.950016, 4.2414, 0.7616, -0.5072
1570, 5.866275, 4.7729, 0.7434, -0.3984
1571, 6.101604, 3.1943, 0.9800, -0.3804
1572, 8.881914, 4.8761, 0.7677, -0.3481
1573, 5.395406, 4.3570, 0.7425, -0.5059
1574, 6.880809, 3.6348, 0.8495, -0.4596
1575, 7.914875, 3.8697, 0.8168, -0.3569
1576, 8.670268, 4.0719, 0.7614, -0.4150
1577, 9.647359, 3.2896, 0.8902, -0.3833
1578, 4.859489, 4.3811, 0.7929, -0.4597
1579, 5.110298, 4.0879, 0.8331, -0.4620
1580, 5.553711, 3.8990, 0.7847, -0.4768
1581, 4.801598, 4.1112, 0.8149, -0.3829
1582, 5.330844, 3.6772, 0.9102, -0.3387
1583, 3.855987, 4.0816, 0.8070, -0.4887
1584, 4.849211, 3.6354, 0.8970, -0.3263
1585, 4.930292, 4.1223, 0.8386, -0.3119
1586, 3.663157, 3.7601, 0.8594, -0.3983
1587, 4.334010, 3.8496, 0.8371, -0.3929
1588, 7.843367, 4.3592, 0.7191, -0.4424
1589, 5.379681, 4.2482, 0.7595, -0.5133
1590, 5.437142, 3.9125, 0.8389, -0.3573
1591, 3.908143, 3.8927, 0.8209, -0.4790
1592, 4.992439, 4.1885, 0.8485, -0.3121
1593, 5.948561, 4.3017, 0.8132, -0.3044
1594, 3.392195, 3.7112, 0.8784, -0.4006
1595, 5.295022, 3.8683, 0.8282, -0.3857
1596, 3.425275, 3.9263, 0.8460, -0.4295
1597, 14.335841, 6.0180, 0.6449, -0.3844
1598, 5.131587, 4.5677, 0.7607, -0.3924
1599, 5.022154, 4.8814, 0.7301, -0.4917
1600, 4.420349, 4.0722, 0.8359, -0.3696
1601, 4.204189, 3.6441, 0.9065, -0.3654
1602, 4.934149, 4.2377, 0.8055, -0.3554
1603, 5.126591, 4.0468, 0.8218, -0.4981
1604, 4.477578, 4.4198, 0.7806, -0.4329
1605, 4.586299, 4.3130, 0.7777, -0.5009
1606, 3.637185, 3.6568, 0.8979, -0.3739
1607, 4.753104, 4.3800, 0.7931, -0.3619
1608, 4.789128, 3.6532, 0.8927, -0.3350
1609, 3.577228, 4.4416, 0.7608, -0.4859
1610, 6.177273, 4.8067, 0.8301, -0.2364
1611, 5.520444, 4.1624, 0.8735, -0.2226
1612, 4.898559, 3.4952, 0.8947, -0.3468
1613, 7.759153, 4.4610, 0.8275, -0.2977
1614, 4.433532, 3.9158, 0.8793, -0.2916
1615, 5.224661, 3.6158, 0.8624, -0.3709
1616, 5.228164, 4.1508, 0.8701, -0.2591
1617, 3.895474, 4.1142, 0.8088, -0.4165
1618, 6.791143, 4.1985, 0.7442, -0.5251
1619, 10.192516, 4.3970, 0.7035, -0.5212
1620, 4.863102, 4.4998, 0.7659, -0.4425
1621, 6.054651, 4.7570, 0.7583, -0.3396
1622, 5.790706, 4.4011, 0.7562, -0.4031
1623, 8.026054, 4.7629, 0.7343, -0.3603
1624, 9.472520, 3.4561, 0.9090, -0.4788
1625, 7.713466, 4.2782, 0.9538, -0.2252
1626, 7.993915, 4.0122, 0.8407, -0.2975
1627, 6.210659, 3.8818, 0.8490, -0.3287
1628, 6.639475, 3.8618, 0.8929, -0.3359
1629, 5.295673, 4.2358, 0.8574, -0.2401
1630, 4.095199, 3.9955, 0.8288, -0.3922
1631, 3.591891, 4.3140, 0.7746, -0.4645
1632, 4.082439, 4.0752, 0.8195, -0.4612
1633, 5.107470, 3.9660, 0.8746, -0.2672
1634, 6.986821, 4.1214, 0.8393, -0.4717
1635, 4.789067, 3.9093, 0.8670, -0.4356
1636, 6.766261, 4.6424, 0.7150, -0.4379
1637, 3.983740, 3.6953, 0.9001, -0.3314
1638, 3.526945, 4.1324, 0.7940, -0.4643
1639, 6.168097, 3.7672, 0.8998, -0.4059
1640, 3.490739, 3.9340, 0.8487, -0.4560
1641, 3.904903, 4.1023, 0.8119, -0.4642
1642, 4.840583, 4.1350, 0.8144, -0.3642
1643, 6.766422, 3.5902, 0.9150, -0.4505
1644, 5.070746, 4.3093, 0.7938, -0.3614
1645, 7.903349, 3.8379, 0.8247, -0.3484
1646, 4.547860, 6.0486, 0.7642, -0.2288
1647, 5.675617, 4.0729, 0.8048, -0.3744
1648, 7.271469, 3.8791, 0.8849, -0.3741
1649, 6.370543, 5.3897, 0.7847, -0.2312
1650, 9.711712, 4.3951, 0.8156, -0.4135
1651, 10.527193, 4.0441, 0.8210, -0.3033
1652, 8.940606, 3.9086, 0.8710, -0.5061
1653, 10.046719, 5.3408, 0.6196, -0.4665
1654, 5.983083, 4.2204, 0.7564, -0.4939
1655, 5.219009, 4.1229, 0.8061, -0.3842
1656, 5.606037, 3.3510, 0.9131, -0.3554
1657, 4.490247, 3.3402, 0.9246, -0.3879
1658, 7.297135, 4.3361, 0.7198, -0.4801
1659, 6.302987, 5.5899, 0.8459, -0.2103
1660, 5.185519, 4.3882, 0.8539, -0.2273
1661, 5.742098, 4.7424, 0.8906, -0.2249
1662, 7.118960, 4.9041, 0.7382, -0.4271
1663, 5.273316, 5.1694, 0.6760, -0.5232
1664, 4.719574, 3.9764, 0.7994, -0.4808
1665, 4.798651, 4.2562, 0.8515, -0.2707
1666, 3.212395, 3.5018, 0.9142, -0.3815
1667, 6.190920, 3.4728, 0.9151, -0.4461
1668, 6.049051, 4.4867, 0.8160, -0.2503
1669, 8.317715, 4.4535, 0.8052, -0.4208
1670, 5.220137, 3.7321, 0.9206, -0.2512
1671, 6.761216, 4.6069, 0.8916, -0.2373
1672, 10.320486, 3.1123, 0.9087, -0.3884
1673, 6.481359, 4.1366, 0.8406, -0.3892
1674, 5.085977, 3.9877, 0.8618, -0.2918
1675, 3.090676, 3.5165, 0.9243, -0.3952
1676, 3.453402, 3.6867, 0.8552, -0.4383
1677, 6.003512, 3.7140, 0.8222, -0.4593
1678, 5.511736, 3.8606, 0.8335, -0.3787
1679, 6.394779, 4.0115, 0.8200, -0.3486
1680, 5.507812, 4.8360, 0.6922, -0.4919
1681, 5.184698, 4.3469, 0.7834, -0.3994
1682, 4.676228, 4.3219, 0.7955, -0.4210
1683, 4.822331, 3.5923, 0.8745, -0.3729
1684, 5.208273, 4.7341, 0.7346, -0.4663
1685, 5.927484, 4.5466, 0.8073, -0.3155
1686, 7.977789, 3.6602, 0.8338, -0.3962
1687, 4.651279, 3.9927, 0.8001, -0.4849
1688, 4.603245, 3.4157, 0.9160, -0.3652
1689, 3.282224, 3.7770, 0.8591, -0.4378
1690, 11.566604, 5.7292, 0.6483, -0.4614
1691, 5.829720, 3.6360, 0.9099, -0.2705
1692, 7.567187, 5.0993, 0.7737, -0.2855
1693, 4.486548, 4.5843, 0.7292, -0.4732
1694, 8.235982, 3.6130, 0.8222, -0.4250
1695, 5.004616, 4.1718, 0.7906, -0.4066
1696, 6.454147, 4.7938, 0.7567, -0.3772
1697, 4.663574, 4.2531, 0.9066, -0.2201
1698, 3.626636, 3.8058, 0.8520, -0.4062
1699, 5.532487, 4.5144, 0.8238, -0.2423
1700, 4.850665, 3.1935, 0.9619, -0.3477
1701, 3.344053, 3.6392, 0.8910, -0.3946
1702, 3.306472, 3.6325, 0.8911, -0.3825
1703, 4.718410, 4.6555, 0.7567, -0.4972
1704, 5.718966, 3.6695, 0.9225, -0.2988
1705, 9.686572, 4.1000, 0.7727, -0.5444
1706, 8.654506, 4.8956, 0.7662, -0.3456
1707, 4.079168, 4.0742, 0.8329, -0.4002
1708, 5.434341, 5.6843, 0.7889, -0.2273
1709, 4.320905, 4.2393, 0.8274, -0.3376
1710, 4.881721, 4.3429, 0.8315, -0.2990
1711, 3.468446, 3.8037, 0.8563, -0.4269
1712, 4.900874, 4.5817, 0.7443, -0.5219
1713, 7.258677, 3.5215, 0.8925, -0.3236
1714, 9.506422, 3.7467, 0.7926, -0.4373
1715, 7.281187, 4.0764, 0.7684, -0.4415
1716, 6.851005, 4.4406, 0.7415, -0.4038
1717, 7.448180, 3.0942, 0.9527, -0.3545
1718, 6.030178, 3.1305, 0.9571, -0.3720
1719, 5.576781, 4.0833, 0.8422, -0.4365
1720, 8.836304, 4.6116, 0.6952, -0.4602
1721, 8.257085, 5.0488, 0.7545, -0.3281
1722, 7.503843, 5.0929, 0.6808, -0.4342
1723, 4.406302, 3.9582, 0.8587, -0.3252
1724, 5.013897, 3.5978, 0.9169, -0.3933
1725, 4.553636, 3.7037, 0.8581, -0.4646
1726, 3.604937, 4.0247, 0.8075, -0.4516
1727, 6.904689, 3.4178, 0.9542, -0.3745
1728, 5.451272, 4.5702, 0.7622, -0.5185
1729, 4.923652, 4.3157, 0.7848, -0.5168
1730, 5.160729, 4.5557, 0.7513, -0.4075
1731, 4.643686, 4.1259, 0.7813, -0.4402
1732, 3.407969, 3.7829, 0.8519, -0.4302
1733, 6.132413, 4.7824, 0.6892, -0.4808
1734, 6.127940, 4.8094, 0.7970, -0.2646
1735, 7.272293, 4.9938, 0.7353, -0.3870
1736, 7.273578, 3.5522, 0.8840, -0.4718
1737, 3.635995, 4.2023, 0.7805, -0.4741
1738, 7.169973, 5.0708, 0.7010, -0.4162
1739, 6.983948, 3.7267, 0.8127, -0.4359
1740, 7.415524, 3.9626, 0.8765, -0.3439
1741, 7.466559, 3.4035, 0.9389, -0.4425
1742, 4.097955, 4.0849, 0.7890, -0.4422
1743, 6.254030, 4.0162, 0.8052, -0.3796
1744, 4.560946, 3.3268, 0.9240, -0.3788
1745, 8.162854, 4.3583, 0.7507, -0.3852
1746, 7.882105, 4.3364, 0.8210, -0.3731
1747, 5.939421, 4.3126, 0.7819, -0.3702
1748, 4.908758, 4.3518, 0.8141, -0.3610
1749, 4.791767, 3.9495, 0.8057, -0.4595
1750, 4.749965, 4.7118, 0.7406, -0.4950
1751, 4.600699, 3.9307, 0.8794, -0.2848
1752, 3.508089, 3.5577, 0.8887, -0.3941
1753, 3.532424, 3.4614, 0.9224, -0.3599
1754, 5.320311, 6.0596, 0.8265, -0.1666
1755, 7.305212, 4.7168, 0.7779, -0.2713
1756, 13.538427, 4.6339, 0.9382, -0.2298
1757, 5.943418, 4.5957, 0.8267, -0.2686
1758, 6.415760, 3.4202, 0.9618, -0.2362
1759, 5.028456, 4.4598, 0.8652, -0.2435
1760, 7.940924, 3.8657, 0.8068, -0.4034
1761, 4.911392, 3.7578, 0.8354, -0.4026
1762, 4.917720, 3.4658, 0.8833, -0.3806
1763, 4.392069, 3.7213, 0.8715, -0.4543
1764, 6.128288, 4.4580, 0.7555, -0.3834
1765, 3.557204, 3.5742, 0.9128, -0.4124
1766, 4.171421, 4.4345, 0.7648, -0.4590
1767, 3.523694, 3.9417, 0.8332, -0.4416
1768, 5.706568, 4.3840, 0.8154, -0.3247
1769, 6.891573, 5.1711, 0.7992, -0.2716
1770, 4.443721, 4.2549, 0.8098, -0.4152
1771, 4.165880, 3.8031, 0.8839, -0.3405
1772, 8.187315, 3.9072, 0.8531, -0.2912
1773, 3.701451, 4.0735, 0.8002, -0.4623
1774, 4.068702, 3.9108, 0.8179, -0.4340
1775, 4.981200, 3.6146, 0.8677, -0.4502
1776, 5.711184, 4.9465, 0.7221, -0.5289
1777, 3.947319, 3.4744, 0.9042, -0.3893
1778, 8.612189, 3.2829, 0.8767, -0.4250
1779, 7.571937, 3.9859, 0.7675, -0.4345
1780, 9.287563, 3.8004, 0.8326, -0.5074
1781, 7.122169, 4.4598, 0.7523, -0.3798
1782, 4.914155, 4.4102, 0.7866, -0.3955
1783, 4.200130, 4.3064, 0.7781, -0.4350
1784, 4.742073, 4.4766, 0.7761, -0.4001
1785, 8.315737, 3.6077, 0.8780, -0.4902
1786, 6.206343, 4.2584, 0.7455, -0.4573
1787, 6.036168, 4.4256, 0.7968, -0.4666
1788, 5.918245, 4.2252, 0.7823, -0.3899
1789, 10.084731, 3.4713, 0.8787, -0.4788
1790, 9.979976, 3.8538, 0.8937, -0.3732
1791, 5.873084, 3.8487, 0.8108, -0.4336
1792, 5.062895, 4.6086, 0.7638, -0.4736
1793, 4.303080, 4.5487, 0.7625, -0.4787
1794, 4.497052, 4.1521, 0.8286, -0.3396
1795, 6.092739, 3.9053, 0.7993, -0.4879
1796, 7.771804, 3.4050, 0.8798, -0.4006
1797, 3.581454, 3.9786, 0.8074, -0.4751
1798, 4.882660, 4.4747, 0.7590, -0.4319
1799, 5.002722, 3.5132, 0.8910, -0.4361
1800, 10.984140, 3.4550, 0.9327, -0.2469
1801, 5.158365, 4.0000, 0.7967, -0.4505
1802, 5.400537, 3.9181, 0.8201, -0.4982
1803, 5.449118, 4.1461, 0.8258, -0.3184
1804, 5.467294, 3.4357, 0.9494, -0.3587
1805, 4.934713, 4.1320, 0.8348, -0.4133
1806, 3.505779, 3.8974, 0.8480, -0.4353
1807, 4.860325, 4.0444, 0.7928, -0.4479
1808, 5.944314, 3.2772, 0.9493, -0.4151
1809, 3.571789, 4.0777, 0.8028, -0.4393
1810, 5.683203, 4.0520, 0.8682, -0.3341
1811, 6.658338, 4.5628, 0.7301, -0.4094
1812, 5.696829, 3.9453, 0.8688, -0.4001
1813, 6.179045, 5.2068, 0.6834, -0.5093
1814, 3.835866, 3.9406, 0.8266, -0.4133
1815, 4.694158, 4.0189, 0.8517, -0.3524
1816, 4.949150, 4.0963, 0.8059, -0.3954
1817, 3.979408, 3.6270, 0.8713, -0.4461
1818, 5.388397, 4.5864, 0.7659, -0.4216
1819, 8.020158, 4.0384, 0.8200, -0.5300
1820, 5.583409, 4.4632, 0.7818, -0.3450
1821, 4.531453, 4.6988, 0.7208, -0.4837
1822, 7.114108, 3.5319, 0.8611, -0.4283
1823, 7.026521, 3.5696, 0.9232, -0.4221
1824, 5.337330, 4.7923, 0.8129, -0.2491
1825, 5.052867, 4.4006, 0.7923, -0.4422
1826, 4.656789, 4.1059, 0.7902, -0.4132
1827, 4.505557, 4.1812, 0.8261, -0.3463
1828, 4.766814, 4.2859, 0.8763, -0.2240
1829, 5.349536, 4.2955, 0.8269, -0.3195
1830, 9.254772, 4.2853, 0.9259, -0.2527
1831, 5.397396, 3.7564, 0.8943, -0.3800
1832, 5.233414, 3.5780, 0.8643, -0.3805
1833, 4.688855, 4.3153, 0.7962, -0.3643
1834, 4.427452, 4.0971, 0.8546, -0.2965
1835, 5.039438, 5.6185, 0.8188, -0.2034
1836, 14.757600, 3.6776, 0.8133, -0.3568
1837, 6.640202, 4.5934, 0.7783, -0.4351
1838, 3.813938, 4.5271, 0.7522, -0.4842
1839, 4.716849, 4.1934, 0.9062, -0.2300
1840, 4.381372, 3.8754, 0.8674, -0.4091
1841, 4.042686, 4.2696, 0.7970, -0.4206
1842, 4.725245, 4.3472, 0.7975, -0.3800
1843, 5.261156, 4.4007, 0.8348, -0.2691
1844, 5.468556, 5.8071, 0.7619, -0.2540
1845, 3.982808, 4.1421, 0.7928, -0.4304
1846, 7.480779, 5.0446, 0.7707, -0.2873
1847, 8.053754, 5.2098, 0.6974, -0.4013
1848, 6.762780, 4.1245, 0.8621, -0.3293
1849, 6.918852, 4.9163, 0.7322, -0.4401
1850, 8.685853, 3.2509, 0.9244, -0.3360
1851, 13.941828, 3.7131, 0.7822, -0.4098
1852, 5.746107, 4.5407, 0.9101, -0.2164
1853, 4.789312, 4.0272, 0.8209, -0.3792
1854, 5.174312, 3.8188, 0.9039, -0.2732
1855, 9.970962, 4.5191, 0.7320, -0.3697
1856, 11.012073, 4.4113, 0.9161, -0.2659
1857, 9.960555, 3.8481, 0.8939, -0.3734
1858, 7.026092, 3.9161, 0.8643, -0.4801
1859, 5.439192, 4.4643, 0.7577, -0.4069
1860, 5.664085, 4.6245, 0.7639, -0.3585
1861, 10.706433, 3.3093, 0.9208, -0.4773
1862, 10.039754, 4.6152, 0.9240, -0.1466
1863, 9.112331, 4.5172, 0.8094, -0.2305
1864, 7.265632, 3.7853, 0.8331, -0.3576
1865, 4.685323, 3.9125, 0.8770, -0.3109
1866, 5.302263, 3.8244, 0.8417, -0.4822
1867, 6.671190, 4.6420, 0.7659, -0.3138
1868, 4.152395, 4.2370, 0.7772, -0.4384
1869, 3.939921, 4.3834, 0.7793, -0.4577
1870, 10.531962, 4.4462, 0.8062, -0.5315
1871, 7.851292, 5.2718, 0.6472, -0.5972
1872, 5.141368, 4.1782, 0.8087, -0.3545
1873, 3.851275, 4.2172, 0.7736, -0.4764
1874, 5.901740, 4.9183, 0.7099, -0.4577
1875, 9.815282, 4.3340, 0.8967, -0.2723
1876, 4.527978, 4.1301, 0.8231, -0.3510
1877, 7.475590, 4.6774, 0.7516, -0.3416
1878, 4.428808, 3.8523, 0.8357, -0.4814
1879, 6.731050, 3.8130, 0.8478, -0.3370
1880, 6.553734, 4.4027, 0.8131, -0.3577
1881, 6.473978, 4.0841, 0.7969, -0.3836
1882, 5.610744, 3.8835, 0.8617, -0.3106
1883, 4.611110, 3.4415, 0.8946, -0.4126
1884, 7.439768, 4.3527, 0.7430, -0.4363
1885, 9.355294, 4.0677, 0.8890, -0.2810
1886, 11.951943, 3.9982, 0.8682, -0.5009
1887, 5.768852, 4.7937, 0.7000, -0.4545
1888, 8.988969, 4.6469, 0.9487, -0.1448
1889, 8.910123, 4.2488, 0.8659, -0.2855
1890, 7.403316, 4.2252, 0.8511, -0.2285
1891, 6.134390, 5.1948, 0.8582, -0.2126
1892, 8.946948, 4.2362, 0.7762, -0.5519
1893, 4.419481, 3.6424, 0.8926, -0.3500
1894, 5.624765, 4.0143, 0.7696, -0.4702
1895, 3.583962, 3.8862, 0.8274, -0.4384
1896, 12.852789, 3.8680, 0.8428, -0.2984
1897, 7.718656, 4.2717, 0.7917, -0.3440
1898, 5.435536, 3.9718, 0.7854, -0.4797
1899, 6.039658, 3.0637, 0.9744, -0.3738
1900, 9.245176, 4.1363, 0.8085, -0.3155
1901, 7.064364, 6.0582, 0.7618, -0.2619
1902, 6.724543, 3.8767, 0.7892, -0.4372
1903, 6.264413, 4.8286, 0.7378, -0.4241
1904, 7.473964, 5.3949, 0.7330, -0.2643
1905, 5.751063, 4.8123, 0.7858, -0.2929
1906, 6.479078, 4.6992, 0.7804, -0.3373
1907, 7.378486, 4.2419, 0.8361, -0.3438
1908, 6.738395, 3.9241, 0.8261, -0.5077
1909, 4.386634, 4.3278, 0.8160, -0.3336
1910, 10.683082, 4.1754, 0.8381, -0.5184
1911, 9.274539, 3.9723, 0.7559, -0.5039
1912, 8.489001, 4.0877, 0.8429, -0.4972
1913, 11.627931, 3.1864, 0.9232, -0.4516
1914, 8.105554, 6.0302, 0.8224, -0.2330
1915, 8.639966, 4.1241, 0.8452, -0.4404
1916, 9.526839, 3.3893, 0.9071, -0.3065
1917, 4.998736, 3.3767, 0.9347, -0.3187
1918, 5.110091, 4.3122, 0.8391, -0.2649
1919, 5.973709, 3.8722, 0.8377, -0.4922
1920, 4.549409, 3.9458, 0.8657, -0.3650
1921, 5.347542, 4.5002, 0.7790, -0.4149
1922, 7.090377, 4.6113, 0.7769, -0.4680
1923, 3.725492, 3.7681, 0.8406, -0.4181
1924, 3.399111, 3.3535, 0.9368, -0.3700
1925, 4.850302, 4.6891, 0.7441, -0.4806
1926, 5.603144, 4.3259, 0.7372, -0.4735
1927, 3.617268, 4.0473, 0.8275, -0.4070
1928, 3.729060, 3.9309, 0.8186, -0.4285
1929, 3.455682, 3.6636, 0.8629, -0.4164
1930, 4.457914, 4.0368, 0.8472, -0.3290
1931, 4.091059, 4.2023, 0.7829, -0.5014
1932, 8.404599, 3.9489, 0.8426, -0.5204
1933, 10.239396, 4.2430, 0.7824, -0.3298
1934, 6.319100, 4.4456, 0.8180, -0.3185
1935, 5.937975, 4.8240, 0.7970, -0.2425
1936, 5.790100, 3.3422, 0.9074, -0.3796
1937, 8.448527, 4.6468, 0.6877, -0.4580
1938, 8.287411, 5.0867, 0.8083, -0.2127
1939, 3.788142, 4.3677, 0.7659, -0.4884
1940, 5.104446, 4.0467, 0.8461, -0.4241
1941, 5.760410, 5.3783, 0.8255, -0.2032
1942, 3.922668, 4.3720, 0.7851, -0.4735
1943, 4.695252, 4.1702, 0.8469, -0.2816
1944, 7.065160, 3.8744, 0.8233, -0.5044
1945, 5.093570, 3.8521, 0.8927, -0.3187
1946, 3.558403, 4.3034, 0.7779, -0.4677
1947, 5.453508, 4.6986, 0.7495, -0.4196
1948, 5.896095, 4.7643, 0.7359, -0.5350
1949, 6.602475, 4.0564, 0.8312, -0.5121
1950, 6.919645, 4.1627, 0.8360, -0.4062
1951, 5.608986, 4.3941, 0.8046, -0.3674
1952, 3.970869, 3.9673, 0.8289, -0.4623
1953, 6.210260, 4.4079, 0.7419, -0.5420
1954, 8.035174, 4.0399, 0.9146, -0.2536
1955, 3.644756, 3.7614, 0.8841, -0.3952
1956, 4.968219, 3.3162, 0.9640, -0.3664
1957, 5.500548, 3.2094, 0.9522, -0.3897
1958, 5.900731, 4.8931, 0.7105, -0.5492
1959, 4.812739, 4.1569, 0.8587, -0.2615
1960, 6.315184, 3.4968, 0.9411, -0.3528
1961, 5.294034, 3.8319, 0.8367, -0.3794
1962, 6.895454, 4.0210, 0.7904, -0.4161
1963, 8.188275, 6.2718, 0.8641, -0.1789
1964, 11.440576, 4.6400, 0.7619, -0.2883
1965, 8.999067, 4.6852, 0.7716, -0.4472
1966, 3.412327, 3.6214, 0.9034, -0.3760
1967, 4.034388, 3.8769, 0.8299, -0.4131
1968, 4.468587, 3.8845, 0.8753, -0.3069
1969, 5.272772, 4.2926, 0.7387, -0.4905
1970, 6.441632, 3.8416, 0.8071, -0.4265
1971, 6.397967, 3.9460, 0.9972, -0.1949
1972, 8.686764, 5.7931, 0.7713, -0.2729
1973, 4.163265, 4.4711, 0.7607, -0.4621
1974, 8.905845, 3.9116, 0.7820, -0.4048
1975, 7.938473, 3.7437, 0.8631, -0.4975
1976, 4.697066, 3.8531, 0.8263, -0.3924
1977, 4.097956, 3.4823, 0.9114, -0.4185
1978, 5.067560, 3.4480, 0.8908, -0.4261
1979, 8.510298, 3.5850, 0.8373, -0.4704
1980, 4.704288, 3.7178, 0.9028, -0.3635
1981, 5.759946, 4.6594, 0.7707, -0.3360
1982, 4.779352, 4.2722, 0.7989, -0.4106
1983, 4.352209, 3.8080, 0.8747, -0.3333
1984, 5.773664, 4.1149, 0.8400, -0.4081
1985, 6.609784, 4.7600, 0.6643, -0.5255
1986, 5.474498, 4.5526, 0.7760, -0.4872
1987, 4.790444, 3.9866, 0.7937, -0.4924
1988, 5.632530, 3.7755, 0.8185, -0.4591
1989, 4.790255, 4.3584, 0.8020, -0.3475
1990, 4.376517, 3.6896, 0.8976, -0.3095
1991, 10.910674, 3.5547, 0.8440, -0.4948
1992, 8.758325, 5.2987, 0.6711, -0.4194
1993, 6.575901, 5.1066, 0.7021, -0.4812
1994, 5.620825, 3.9424, 0.8657, -0.2984
1995, 4.923694, 3.6422, 0.8599, -0.3753
1996, 6.749944, 4.2638, 0.8298, -0.3987
1997, 4.455029, 3.9312, 0.8225, -0.3979
1998, 3.526236, 3.6007, 0.9013, -0.4263
1999, 6.178183, 4.1847, 0.8830, -0.2090
2000, 5.524511, 4.5975, 0.7521, -0.3995
2001, 4.807558, 4.4811, 0.7835, -0.3835
2002, 6.322267, 5.9534, 0.5651, -0.5803
2003, 8.746229, 3.1626, 0.9603, -0.4411
2004, 4.894109, 4.1551, 0.8268, -0.4593
2005, 4.451231, 4.5577, 0.7489, -0.4638
2006, 3.967269, 3.5111, 0.9166, -0.4217
2007, 3.357381, 3.4881, 0.9022, -0.4118
2008, 5.097067, 3.9851, 0.8569, -0.3570
2009, 6.043045, 3.9769, 0.8469, -0.3108
2010, 6.571914, 5.1847, 0.8104, -0.2192
2011, 7.118438, 3.8195, 0.8292, -0.4939
2012, 7.473577, 4.7822, 0.7545, -0.3922
2013, 7.374187, 3.3090, 0.9058, -0.3588
2014, 5.551818, 3.5318, 0.9045, -0.4445
2015, 5.595008, 4.4558, 0.7295, -0.4660
2016, 3.917066, 3.5965, 0.8736, -0.3951
2017, 3.418900, 4.0445, 0.8211, -0.4271
2018, 4.085385, 4.3184, 0.7839, -0.4494
2019, 4.649262, 4.4490, 0.7701, -0.4354
2020, 5.912607, 4.6081, 0.7870, -0.3319
2021, 5.733353, 4.8146, 0.7398, -0.4869
2022, 5.555936, 4.1036, 0.7799, -0.4518
2023, 4.940327, 4.1362, 0.8315, -0.3978
2024, 9.894126, 5.4662, 0.7827, -0.2821
2025, 3.754686, 4.0400, 0.8138, -0.4104
2026, 3.603522, 3.7943, 0.8505, -0.4395
2027, 4.549704, 3.7427, 0.8802, -0.4599
2028, 7.045277, 3.1708, 0.9296, -0.3970
2029, 6.236666, 4.9143, 0.7154, -0.4242
2030, 11.263985, 4.1371, 0.7797, -0.5570
2031, 3.228126, 3.8824, 0.8500, -0.4548
2032, 6.900905, 3.9541, 0.8319, -0.3398
2033, 3.928458, 6.2078, 0.8192, -0.1803
2034, 5.885320, 4.2215, 0.7557, -0.4886
2035, 5.985336, 4.3658, 0.8265, -0.3119
2036, 11.512514, 4.1644, 0.8486, -0.4059
2037, 6.643453, 4.0293, 0.7844, -0.4329
2038, 6.965411, 5.1717, 0.7161, -0.3616
2039, 7.488354, 4.4053, 0.8279, -0.3050
2040, 5.035086, 3.9230, 0.8684, -0.4339
2041, 4.507025, 4.2360, 0.8180, -0.3300
2042, 6.132326, 4.3843, 0.8017, -0.4863
2043, 4.806386, 4.6819, 0.7420, -0.5160
2044, 3.311267, 3.6702, 0.8901, -0.3843
2045, 3.442132, 3.8824, 0.8524, -0.4261
2046, 7.580214, 3.8130, 0.8307, -0.3478
2047, 3.830427, 3.8070, 0.8349, -0.4402
2048, 4.377293, 3.6109, 0.8787, -0.3628
2049, 3.441252, 3.8834, 0.8495, -0.4261
2050, 3.941118, 4.5663, 0.7485, -0.4804
2051, 12.068002, 3.3633, 0.9434, -0.4774
2052, 3.933850, 4.1366, 0.8193, -0.4286
2053, 7.892206, 3.4442, 0.9484, -0.4164
2054, 4.679713, 3.9629, 0.8652, -0.3824
2055, 4.659236, 3.7504, 0.8357, -0.4087
2056, 4.253497, 3.5517, 0.9232, -0.3613
2057, 3.889057, 3.8105, 0.8621, -0.4615
2058, 3.781972, 4.3060, 0.7847, -0.4710
2059, 13.257723, 3.5900, 0.9362, -0.3961
2060, 11.350122, 4.1013, 0.8277, -0.2747
2061, 6.907547, 3.1379, 0.9431, -0.3668
2062, 4.040893, 4.2186, 0.8096, -0.4312
2063, 11.677556, 3.5384, 0.8235, -0.3926
2064, 3.445321, 3.7140, 0.8732, -0.3914
2065, 7.057525, 4.1977, 0.7548, -0.4460
2066, 6.942786, 4.4769, 0.8205, -0.3058
2067, 6.347542, 3.9830, 0.8054, -0.3787
2068, 6.614298, 6.2236, 0.7013, -0.2714
2069, 9.021469, 3.8667, 0.7987, -0.3980
2070, 11.910612, 4.4683, 0.7922, -0.2561
2071, 6.459643, 3.8226, 0.8549, -0.3254
2072, 4.333725, 3.8085, 0.8776, -0.4517
2073, 3.754697, 4.1139, 0.7919, -0.4686
2074, 4.001672, 4.0155, 0.8031, -0.4747
2075, 6.220543, 4.2281, 0.7781, -0.3866
2076, 4.546756, 4.2881, 0.8017, -0.4841
2077, 5.400662, 4.6466, 0.8100, -0.2588
2078, 4.841464, 4.0607, 0.8732, -0.2619
2079, 4.646957, 3.3837, 0.9176, -0.3644
2080, 5.390334, 4.4119, 0.7655, -0.3993
2081, 4.333847, 3.7854, 0.8841, -0.3138
2082, 3.881193, 4.0677, 0.7976, -0.4956
2083, 3.341461, 3.5861, 0.8717, -0.4246
2084, 5.312777, 3.8199, 0.8354, -0.3823
2085, 4.822780, 4.6920, 0.7430, -0.4396
2086, 5.833799, 4.3413, 0.7504, -0.5141
2087, 10.570100, 3.9903, 0.7653, -0.5342
2088, 5.586598, 3.5479, 0.9054, -0.3168
2089, 5.940599, 4.8329, 0.7378, -0.4582
2090, 5.239845, 4.3923, 0.7973, -0.4067
2091, 5.452698, 3.7204, 0.8390, -0.3862
2092, 6.284260, 4.4147, 0.8378, -0.2846
2093, 6.140300, 4.9374, 0.7529, -0.3185
2094, 5.597891, 3.5248, 0.9393, -0.3140
2095, 5.596882, 4.3569, 0.8341, -0.2862
2096, 3.817429, 4.3551, 0.7920, -0.4713
2097, 4.926261, 4.0804, 0.8643, -0.3231
2098, 3.981523, 3.9090, 0.8527, -0.4261
2099, 4.574735, 4.4620, 0.7693, -0.4402
2100, 4.631706, 4.0279, 0.8485, -0.3695
2101, 8.258739, 4.3555, 0.8112, -0.4234
2102, 6.041395, 4.2211, 0.7762, -0.3889
2103, 5.069083, 3.6149, 0.8603, -0.4471
2104, 4.930092, 3.8280, 0.8383, -0.3860
2105, 3.490421, 3.7567, 0.8822, -0.4234
2106, 7.237698, 3.7038, 0.8529, -0.4806
2107, 7.255910, 4.0206, 0.7601, -0.5059
2108, 5.289435, 4.3523, 0.8276, -0.3204
2109, 4.868130, 3.7616, 0.8920, -0.3707
2110, 4.413770, 3.9089, 0.8403, -0.3803
2111, 5.128379, 4.2856, 0.8038, -0.3469
2112, 4.295105, 4.6623, 0.7424, -0.4861
2113, 3.258407, 3.9371, 0.8215, -0.4651
2114, 3.659251, 4.2770, 0.7718, -0.4531
2115, 5.142462, 4.3322, 0.8034, -0.4774
2116, 4.538112, 3.5531, 0.8987, -0.3498
2117, 6.571183, 4.0446, 0.8579, -0.3984
2118, 8.599877, 2.6221, 1.0615, -0.3287
2119, 5.542455, 3.7705, 0.8297, -0.4711
2120, 7.004147, 4.7332, 0.6918, -0.4708
2121, 7.831637, 5.0232, 0.7927, -0.2618
2122, 5.360083, 4.4440, 0.7704, -0.5206
2123, 5.785329, 4.0915, 0.8619, -0.3362
2124, 7.108780, 3.8049, 0.7938, -0.4726
2125, 5.212123, 3.2725, 0.9833, -0.2642
2126, 4.639185, 3.9423, 0.8614, -0.3520
2127, 10.065187, 5.6330, 0.7434, -0.2906
2128, 5.787934, 4.3841, 0.8039, -0.4360
2129, 6.779984, 4.9485, 0.7303, -0.3623
2130, 4.494240, 4.0142, 0.8064, -0.4996
2131, 4.605523, 4.2864, 0.8068, -0.3803
2132, 4.956275, 4.1133, 0.8523, -0.3070
2133, 3.283034, 3.3072, 0.9533, -0.3610
2134, 3.864759, 4.4030, 0.7772, -0.4733
2135, 5.028566, 4.5636, 0.7529, -0.4495
2136, 5.069547, 4.6233, 0.8116, -0.2759
2137, 5.149428, 3.6678, 0.8590, -0.3705
2138, 6.136273, 4.9385, 0.7180, -0.4711
2139, 6.912258, 5.1093, 0.7261, -0.3461
2140, 4.996680, 4.5000, 0.8677, -0.2470
2141, 4.024953, 3.5933, 0.8615, -0.4194
2142, 9.064010, 4.3867, 0.8212, -0.2437
2143, 7.570905, 3.7772, 0.9136, -0.3039
2144, 6.881740, 4.3948, 0.7483, -0.4069
2145, 3.860994, 4.0761, 0.7967, -0.4359
2146, 6.571397, 4.8640, 0.7455, -0.3692
2147, 4.784722, 4.1867, 0.8437, -0.3042
2148, 5.672824, 4.4818, 0.7808, -0.4252
2149, 3.955740, 3.7416, 0.8426, -0.4292
2150, 4.954687, 3.6346, 0.8854, -0.4538
2151, 5.587982, 4.4598, 0.7691, -0.3834
2152, 5.636990, 3.8892, 0.8618, -0.4734
2153, 4.400933, 3.9551, 0.8121, -0.4154
2154, 5.838017, 3.2084, 0.9557, -0.3976
2155, 4.615027, 3.9543, 0.8578, -0.3502
2156, 5.353531, 4.2058, 0.8529, -0.2566
2157, 5.944863, 4.2995, 0.7778, -0.3760
2158, 5.756724, 4.5338, 0.8341, -0.2606
2159, 5.239023, 4.2261, 0.8387, -0.3226
2160, 3.998120, 3.6721, 0.8749, -0.3756
2161, 5.653437, 4.1389, 0.7652, -0.5065
2162, 6.138154, 4.5421, 0.7418, -0.4007
2163, 9.066470, 3.3694, 0.8748, -0.4514
2164, 6.140610, 5.0473, 0.6571, -0.5243
2165, 4.902905, 4.1114, 0.8404, -0.3532
2166, 4.314733, 4.6984, 0.7354, -0.4996
2167, 7.067450, 3.5903, 0.8310, -0.4339
2168, 8.969379, 5.3256, 0.8771, -0.2179
2169, 9.287327, 4.4697, 0.7036, -0.5491
2170, 10.814990, 3.4827, 0.8591, -0.3628
2171, 7.836502, 4.1884, 0.8300, -0.2689
2172, 6.414227, 3.3650, 0.8978, -0.3659
2173, 3.287421, 3.5780, 0.8921, -0.4218
2174, 3.919290, 3.7927, 0.8352, -0.4640
2175, 5.662259, 5.2568, 0.8234, -0.2334
2176, 6.934957, 4.8882, 0.7194, -0.3971
2177, 8.884821, 3.9235, 0.8031, -0.3605
2178, 8.426330, 3.6197, 0.8647, -0.4939
2179, 6.457927, 4.9244, 0.7271, -0.4456
2180, 5.955518, 4.9630, 0.8182, -0.2621
2181, 5.400779, 5.5948, 0.8231, -0.1917
2182, 5.601468, 4.4577, 0.7717, -0.3731
2183, 4.312814, 4.0916, 0.8360, -0.3597
2184, 4.717196, 4.1450, 0.8324, -0.4038
2185, 3.451549, 3.8587, 0.8481, -0.4245
2186, 3.203993, 3.7914, 0.8500, -0.4537
2187, 4.116373, 3.9146, 0.8658, -0.3391
2188, 8.130830, 3.4417, 0.8725, -0.4481
2189, 10.299410, 3.7952, 0.8071, -0.5180
2190, 5.756791, 3.3342, 0.9037, -0.3775
2191, 3.395262, 3.6791, 0.8711, -0.4196
2192, 4.053890, 3.5958, 0.8710, -0.4037
2193, 4.056528, 3.8677, 0.8738, -0.3406
2194, 5.901433, 4.7983, 0.7467, -0.4053
2195, 6.572217, 4.5562, 0.7807, -0.4672
2196, 4.138516, 3.6298, 0.8957, -0.3480
2197, 3.111997, 3.7507, 0.8684, -0.4443
2198, 5.410746, 4.3022, 0.8715, -0.2393
2199, 9.182377, 4.9134, 0.8629, -0.2587
2200, 12.572333, 4.7287, 0.8001, -0.1888
2201, 11.133899, 6.2400, 0.6150, -0.3395
2202, 5.009536, 4.0694, 0.8081, -0.5056
2203, 3.718286, 3.8435, 0.8652, -0.3957
2204, 4.959202, 3.5566, 0.8746, -0.3674
2205, 6.457902, 4.0348, 0.7917, -0.5153
2206, 5.500789, 3.3965, 0.8960, -0.4201
2207, 2.792483, 3.5870, 0.8929, -0.4084
2208, 5.394957, 4.4191, 0.7437, -0.4404
2209, 4.738011, 4.3732, 0.7838, -0.3993
2210, 3.806691, 4.4673, 0.7516, -0.4803
2211, 4.445563, 3.5225, 0.8783, -0.3876
2212, 7.555180, 4.7664, 0.7547, -0.4795
2213, 4.398978, 4.1117, 0.8299, -0.3612
2214, 4.539989, 4.4692, 0.7698, -0.4477
2215, 5.191549, 4.6606, 0.7116, -0.4904
2216, 3.469086, 3.8526, 0.8342, -0.4644
2217, 5.051912, 4.3521, 0.7729, -0.4164
2218, 6.922347, 4.3079, 0.7809, -0.3593
2219, 4.814530, 4.4113, 0.7673, -0.5142
2220, 6.272454, 3.5211, 0.8932, -0.4518
2221, 5.232197, 3.9592, 0.8101, -0.3965
2222, 6.210812, 3.9738, 0.8050, -0.3861
2223, 5.420254, 3.7875, 0.8254, -0.4693
2224, 3.932192, 4.1132, 0.7879, -0.4433
2225, 4.905458, 4.2883, 0.8221, -0.3264
2226, 5.088183, 4.3911, 0.7777, -0.3876
2227, 6.046017, 4.7871, 0.6708, -0.5285
2228, 5.047426, 4.1294, 0.8262, -0.4783
2229, 3.828679, 4.1259, 0.8152, -0.4150
2230, 3.681690, 4.0579, 0.8276, -0.4070
2231, 5.822485, 4.9166, 0.7190, -0.4736
2232, 4.957349, 4.8437, 0.7020, -0.4936
2233, 6.021687, 4.7742, 0.7477, -0.4655
2234, 7.512674, 4.1974, 0.8384, -0.3603
2235, 6.608108, 4.1527, 0.8111, -0.3312
2236, 5.220952, 4.0740, 0.8487, -0.2817
2237, 13.306669, 4.2106, 0.7719, -0.3249
2238, 7.952936, 3.4347, 0.8995, -0.3220
2239, 4.643760, 3.8555, 0.8408, -0.3662
2240, 8.921424, 3.7091, 0.9087, -0.2359
2241, 8.877673, 4.8733, 0.7571, -0.4194
2242, 7.309541, 4.1970, 0.7406, -0.5054
2243, 8.276315, 3.8343, 0.7973, -0.5006
2244, 3.951304, 4.0556, 0.7950, -0.4843
2245, 3.550973, 3.9352, 0.8351, -0.4163
2246, 5.342850, 4.0367, 0.7839, -0.4596
2247, 5.770270, 3.5848, 0.9126, -0.2874
2248, 6.126512, 4.6912, 0.8139, -0.2544
2249, 9.511586, 3.8853, 0.8954, -0.3408
2250, 3.672081, 3.6918, 0.8884, -0.3677
